1,T2022
10,T2002B
100,T1836
1001,T1287
1002,T1230
1003,T1348
1004,T1402
1005,T1335
1006,T1288
1007,T1341
1008,T1337
1009,T1351
101,T1835
1010,T1294
1011,T1219
1012,T1418
1013,T1358
1014,T1286
1015,T1376
1016,T1414
1017,T1211
1018,T1320
1019,T1268
102,T1846
1020,T1353
1021,T1304
1022,T1378
1023,T1279
1024,T1200
1025,T1241
1026,T1354
1027,T1237
1028,T1221
1029,T1368
103,T1848
1030,T1356
1031,T1314
1032,T1401
1033,T1379
1034,T1249
1035,T1359
1036,T1283
1037,T1350
1038,T1329
1039,T1343
104,T1841
1040,T1409
1041,T1232
1042,T1375
1043,T1403
1044,T1361
1045,T1308
1046,T1251
1047,T1222
1048,T1209
1049,T1400
105,T1844
1050,T1365
1051,T1406
1052,T1382
1053,T1242
1054,T1217
1055,T1391
1056,T1300
1057,T1245
1058,T1377
1059,T1332
106,T1850
1060,T1252
1061,T1369
1062,T1229
1063,T1371
1064,T1405
1065,T1366
1066,T1374
1067,T1381
1068,T1225
1069,T1239
107,T1839
1070,T1327
1071,T1355
1072,T1321
1073,T1292
1074,T1272
1075,T1253
1076,T1204
1077,T1399
1078,T1328
1079,T1319
108,T1837
1080,T1309
1081,T1380
1082,T1271
1083,T1383
1084,T1238
1085,T1393
1086,T1330
1087,T1255
1088,T1326
1089,T1273
109,T1838
1090,T1307
1091,T1317
1092,T1388
1093,T1333
1094,T1318
1095,T1266
1096,T1345
1097,T1352
1098,T1334
1099,T1404
11,T2013
110,T1840
1100,T1310
1101,T1293
1102,T1228
1103,T1258
1104,T1236
1105,T1324
1106,T1270
1107,T1407
1108,T1397
1109,T1205
111,T1843
1110,T1398
1111,T1256
1112,T1306
1113,T1387
1114,T1346
1115,T1274
1116,T1210
1117,T1223
1118,T1410
1119,T1340
112,T1849
1120,T1250
1121,T1278
1122,T1226
1123,T1417
1124,T1275
1125,T1290
1126,T1302
1127,T1262
1128,T1411
1129,T1331
113,T1942
1130,T1269
1131,T1243
1132,T1285
1133,T1265
1134,T1296
1135,T1415
1137,T1344
1138,T1267
1139,T1289
114,T1947
1140,T1386
1141,T1291
1142,T1280
1143,T1247
1144,T1420
1145,T1235
1147,T1276
1148,T1298
1149,T1295
115,T1944
1150,T1227
1151,T1360
1152,T1349
1153,T1385
1154,T1224
1156,T1277
1157,T1362
1158,T1231
1159,T1213
116,T1953
1160,T1281
1161,T1240
1162,T1218
1163,T1336
1164,T1412
1165,T1370
1166,T1323
1167,T1257
1168,T1408
1169,T1206
117,T1948
1170,T1201
1171,T1419
1172,T1264
1173,T1284
1174,T1363
1175,T1390
1176,T1234
1177,T1233
1178,T1339
1179,T1384
118,T1955
1180,T1282
1181,T1214
1182,T1301
1183,T1373
1184,T1246
1185,T1259
1186,T1316
1187,T1203
1188,T1311
1189,T1261
119,T1941
1190,T1202
1191,T1367
1193,T1244
1194,T1212
1195,T1216
1196,T1199
1197,T1322
1198,T1364
1199,T1395
12,T2011
120,T1925
1200,T1416
1201,T1312
1202,T1220
1203,T1325
1204,T1315
1205,T1299
1206,T1207
1207,T1394
1208,T1215
1209,T1372
121,T1922
1210,T1396
1211,T1297
1212,T1413
1213,T1338
1214,T1392
1215,T1357
1216,T1263
1217,T1313
1218,T1303
122,T1937
1220,T1342
1221,T1389
1222,T2103
1223,T2109
1224,T2104
1225,T2107
1226,T2102
1227,T2114
1228,T2111
1229,T2115
123,T1911
1230,T2110
1231,T2113
1232,T2108
1233,T2119
1234,T2112
1235,T2105
1236,T2117
1237,T2118
1238,T2120
1239,T2106
124,T1921
1240,T2116
1241,T1790
1242,T1801
1243,T1793
1244,T1794
1245,T1787
1246,T1799
1247,T1791
1248,T1797
1249,T1803
125,T1920
1250,T1788
1251,T1789
1252,T1784
1253,T1796
1254,T1785
1255,T1792
1256,T1786
1257,T1800
1258,T1802
1259,T1795
126,T1927
1260,T1783
1261,T1798
1262,T0378
1263,T0352
1264,T0368
1265,T0355
1266,T0394
1267,T0344
1268,T0389
1269,T0391
127,T1914
1270,T0332
1271,T0341
1272,T0359
1273,T0353
1274,T0348
1275,T0347
1276,T0340
1277,T0356
1278,T0333
1279,T0385
128,T1943
1280,T0323
1281,T0388
1282,T0376
1283,T0370
1284,T0392
1285,T0361
1286,T0362
1287,T0345
1288,T0386
1289,T0351
129,T1951
1290,T0331
1291,T0357
1292,T0390
1293,T0364
1294,T0383
1295,T0354
1296,T0382
1297,T0328
1298,T0343
1299,T0336
13,T2012B
130,T1929
1300,T0334
1301,T0349
1302,T0326
1303,T0329
1304,T0337
1305,T0342
1306,T0339
1307,T0338
1308,T0360
1309,T0372
131,T1956
1310,T0346
1311,T0321
1312,T0363
1313,T0367
1314,T0379
1315,T0327
1316,T0373
1317,T0330
1318,T0322
1319,T0324
132,T1933
1320,T0396
1321,T0358
1322,T0366
1323,T0374
1324,T0393
1325,T0369
1326,T0380
1327,T0350
1328,T0365
1329,T0371
133,T1931
1330,T0384
1331,T0395
1332,T0377
1333,T0335
1334,T0381
1335,T0325
1336,T0387
1337,T0375
1338,T1735
1339,T1732
134,T1918
1340,T1733
1341,T1731
1342,T1734
1343,T0220
1344,T1555
1345,T1548
1346,T1547
1347,T1552
1348,T1546
1349,T1550
135,T1917
1350,T1556
1351,T1557
1352,T1553
1353,T1549
1354,T1554
1355,T1551
1356,T0311
1357,T0317
1358,T0313
1359,T0316
136,T1940
1360,T0318
1361,T0314
1363,T0320
1364,T0310
1365,T0312
1366,T0319
1367,T0315
1368,T1885
1369,T1892
137,T1936
1370,T1854
1371,T1893
1373,T1878
1374,T1874
1375,T1903
1376,T1868
1377,T1902
1378,T1883
1379,T1889
138,T1954
1380,T1896
1381,T1887B
1382,T1897
1383,T1909
1384,T1870
1385,T1898
1386,T1864
1387,T1905
1388,T1880
1389,T1875
139,T1934
1390,T1894
1391,T1869
1392,T1872
1393,T1856
1394,T1879
1395,T1906
1396,T1862
1397,T1876
1398,T1887A
1399,T1861
14,T2008
140,T1913
1400,T1886
1401,T1884
1402,T1890
1403,T1860
1404,T1907
1405,T1866
1406,T1895
1407,T1888
1408,T1859
1409,T1891
141,T1915
1410,T1855
1411,T1857
1412,T1853
1413,T1871
1414,T1901
1415,T1899
1416,T1852
1417,T1863
1418,T1881
1419,T1858
142,T1912
1420,T1867
1421,T1904
1422,T1900
1423,T1877
1424,T1910
1425,T1865
1426,T1882
1427,T1908
1428,T1873
1429,T1808
143,T1932
1430,T1815
1431,T1820
1432,T1810
1433,T1809
1434,T1812
1435,T1817
1436,T1807
1437,T1819
1438,T1804
1439,T1805
144,T1939
1440,T1816
1441,T1814
1442,T1818
1443,T1806
1444,T1813
1445,T1811
1446,T1834
1447,T1832
1448,T1831
1449,T1829
145,T1952
1450,T1830
1451,T1833
1452,T2044
1453,T2064
1454,T2046
1455,T2057
1456,T2058
1457,T2042
1458,T2061
1459,T2062
146,T1916
1460,T2048
1461,T2043
1462,T2052
1463,T2055
1464,T2060
1465,T2047
1466,T2050
1467,T2059
1468,T2056
1469,T2054
147,T1923
1470,T2045
1471,T2040
1472,T2041
1473,T2065
1474,T2063
1475,T2053
1476,T2051
1478,T2049
1479,T1652
148,T1938
1480,T1692
1481,T1630
1482,T1675
1483,T1671
1484,T1685
1485,T1666
1486,T1689
1487,T1647
1488,T1642
1489,T1686
149,T1950
1490,T1648
1491,T1682
1492,T1676
1493,T1684
1494,T1628
1495,T1649
1496,T1677
1497,T1632
1498,T1659
1499,T1656
15,T2025
150,T1926
1500,T1670B
1501,T1643
1502,T1674
1503,T1646
1504,T1672
1505,T1660
1506,T1640
1507,T1668
1508,T1654
1509,T1669
151,T1949
1510,T1650
1511,T1633
1512,T1670A
1513,T1641
1514,T1662
1515,T1644
1516,T1681
1517,T1655
1518,T1673
1519,T1683
152,T1935
1520,T1651
1521,T1691
1522,T1631
1523,T1658
1524,T1657
1525,T1688
1526,T1629
1527,T1687
1528,T1690
1529,T1635
153,T1945
1530,T1678
1531,T1680
1532,T1637
1533,T1653
1534,T1664
1535,T1636
1536,T1639
1537,T1645
1538,T1667
1539,T1679
154,T1924
1540,T1634
1541,T1665
1542,T1661
1543,T1663
1544,T1638
1545,T0175
1546,T0169
1547,T0172
1548,T0157
155,T1919
1550,T0182
1551,T0155
1552,T0186
1553,T0156
1554,T0164
1555,T0158
1556,T0168
1557,T0185
1558,T0187
1559,T0173
156,T1930
1560,T0160
1561,T0189
1562,T0159
1563,T0162
1564,T0176
1566,T0171
1567,T0179
1568,T0154
157,T1946
1570,T0183
1571,T0178
1572,T0177
1573,T0152
1574,T0174
1575,T0167
1576,T0166
1577,T0163
1578,T0181
158,T1928
1580,T0184
1581,T0153
1582,T0161
1583,T0190
1584,T0165
1585,T0188
1586,T0170
1587,T0180
1588,T0191
1589,T1706
159,T1446
1590,T1703
1591,T1708
1592,T1699
1593,T1701
1594,T1693
1595,T1705
1596,T1700
1597,T1715
1598,T1694
1599,T1716
16,T2019B
160,T1441
1600,T1710
1601,T1697
1602,T1707
1603,T1714
1604,T1712
1605,T1709
1606,T1696
1607,T1702
1608,T1704
1609,T1717
161,T1444
1610,T1713
1611,T1711
1612,T1695
1613,T1698
1614,T1448
1615,T1501
1616,T1502
1617,T1482
1618,T1483
1619,T1451
162,T1445
1620,T1449
1621,T1488
1622,T1473
1623,T1474
1624,T1469
1625,T1498
1626,T1450
1627,T1463
1628,T1475
1629,T1453
163,T1439
1630,T1486
1631,T1485
1633,T1500
1634,T1457
1635,T1504
1636,T1480
1637,T1468
1638,T1452
1639,T1454
164,T1435
1640,T1465
1641,T1479
1642,T1487
1643,T1497
1644,T1472
1645,T1484
1646,T1458
1647,T1494
1648,T1470
1649,T1461
165,T1442
1650,T1466
1651,T1490
1652,T1493
1653,T1464
1654,T1478
1655,T1491
1656,T1503
1657,T1476
1658,T1467
1659,T1462
166,T1437
1660,T1460
1661,T1495
1662,T1496
1663,T1477
1665,T1492
1666,T1499
1667,T1455
1668,T1471
1669,T1489
167,T1438
1670,T1459
1671,T1456
1672,T1481
1673,T0853
1674,T0870
1675,T0894
1676,T0876
1677,T0891
1678,T0902
1679,T0860
168,T1436
1680,T0882
1681,T0889
1682,T0856
1684,T0868
1685,T0901
1686,T0896
1687,T0899
1688,T0893
1689,T0898
169,T1443
1690,T0862
1691,T0906
1693,T0859
1694,T0907
1695,T0903
1696,T0887
1697,T0861
1698,T0883
17,T2007
170,T1440
1700,T0869
1701,T0910
1702,T0855
1703,T0886
1704,T0884
1705,T0866
1706,T0875
1707,T0852
1708,T0865
1709,T0871
171,T1447
1710,T0854
1712,T0867
1713,T0897
1714,T0895
1715,T0858
1716,T0904
1717,T0914
1718,T0881
1719,T0849
172,T0231
1720,T0864B
1721,T0863
1722,T0857
1723,T0877
1724,T0905
1725,T0880
1726,T0850
1727,T0878
1728,T0872
1729,T0917
173,T0241
1730,T0892
1731,T0885
1732,T0909
1733,T0908
1734,T0874
1735,T0851
1736,T0900
1737,T0916
1738,T0915
1739,T0913
174,T0247
1740,T0848
1741,T0873
1742,T0864A
1744,T0890
1745,T0879
1746,T0912
1747,T0911
1748,T0888
1749,T1545
175,T0225
1750,T1561
1751,T1559
1752,T1558
1753,T1562
1754,T1563
1755,T1560
1756,T1578
1757,T1580
1758,T1584
1759,T1574
176,T0239
1760,T1576
1761,T1583
1762,T1565
1763,T1570
1764,T1571
1765,T1573
1766,T1566
1767,T1579
1768,T1572
1769,T1569
177,T0255
1770,T1575
1771,T1581
1772,T1568
1773,T1564
1774,T1582
1775,T1567
1776,T1577
178,T0244
179,T0257
1790,T0297
1791,T0291
1792,T0282
1793,T0298
1794,T0304
1795,T0302
1796,T0293
1797,T0300
1798,T0280
1799,T0307
18,T2017
180,T0228
1800,T0301
1801,T0286
1802,T0283
1803,T0284
1804,T0281
1805,T0294
1806,T0306
1807,T0285
1808,T0295
1809,T0292
181,T0226
1810,T0288
1811,T0308
1812,T0303
1813,T0279
1814,T0309
1815,T0290
1816,T0305
1817,T0296
1818,T0299
1819,T0289
182,T0229
1820,T0287
1822,T1123
1823,T1058
1824,T1102
1825,T1141
1826,T1173
1827,T1072A
1828,T1156A
1829,T1104
183,T0256
1830,T1095
1831,T1124
1832,T1108B
1833,T1142
1834,T1057
1835,T1040
1836,T1152
1837,T1112
1838,T1107
1839,T1087
184,T0249
1840,T1139
1841,T1064
1842,T1043
1843,T1100
1844,T1198
1845,T1030
1846,T1125
1847,T1177A
1848,T1121
1849,T1080
185,T0252
1850,T1059
1851,T1063
1852,T1093
1853,T1068
1854,T1052
1855,T1132
1856,T1176
1857,T1035
1858,T1191
1859,T1091
186,T0227
1860,T1062B
1861,T1195
1862,T1079
1863,T1188
1864,T1034
1865,T1187
1866,T1136
1867,T1109
1868,T1148
1869,T1140
187,T0246
1870,T1175
1871,T1038
1872,T1062A
1873,T1129
1874,T1153
1875,T1143
1876,T1151
1877,T1126
1878,T1110
1879,T1174
188,T0238
1880,T1120A
1881,T1033
1882,T1190
1883,T1045
1884,T1130
1885,T1184
1886,T1044
1887,T1049
1888,T1036
1889,T1137
189,T0245
1890,T1181
1892,T1119
1893,T1134B
1894,T1131
1895,T1113B
1896,T1128
1897,T1037
1898,T1166
1899,T1158
19,T2003
190,T0260
1900,T1076
1901,T1149
1902,T1183
1903,T1032
1904,T1170
1905,T1134A
1906,T1116
1907,T1041
1908,T1159A
1909,T1097
191,T0237
1910,T1168B
1911,T1055
1912,T1047
1913,T1193
1914,T1053
1915,T1146
1916,T1133
1917,T1160
1918,T1082
1919,T1067
192,T0224
1920,T1065
1921,T1197
1922,T1085
1923,T1111
1924,T1138
1925,T1089
1926,T1101
1927,T1083
1928,T1060
1929,T1179
193,T0242
1930,T1108A
1931,T1046
1932,T1096
1933,T1144
1934,T1031
1935,T1180
1936,T1194
1937,T1163
1938,T1073
1939,T1042
194,T0235
1940,T1114
1941,T1172
1942,T1078
1943,T1066
1944,T1168A
1945,T1074
1946,T1061
1947,T1115
1948,T1069
1949,T1077
195,T0236
1950,T1135
1951,T1072B
1952,T1081
1953,T1088
1954,T1185B
1955,T1164
1956,T1039
1957,T1157
1959,T1171
196,T0251
1960,T1103
1961,T1051
1962,T1054
1963,T1118
1964,T1106
1965,T1154
1966,T1145
1967,T1105
1968,T1177B
1969,T1070
197,T0258
1971,T1165
1972,T1162
1973,T1150
1975,T1186
1976,T1156B
1977,T1092
1978,T1167
1979,T1159B
198,T0223
1980,T1185A
1981,T1147
1982,T1127
1983,T1120B
1984,T1161
1985,T1113A
1986,T1182
1987,T1071
1988,T1117
1989,T1169
199,T0261
1990,T1099
1991,T1155
1992,T1075
1993,T1048
1994,T1189
1995,T1050
1996,T1196
1997,T1178
1998,T1090
1999,T1122
2,T2018
20,T2006
200,T0230
2000,T1056
2001,T1192
2002,T1098
2003,T1086
2004,T1084
2005,T1094
2006,T1824
2007,T1826
2008,T1825
2009,T1827
201,T0240
2010,T1828
2011,T2026
2012,T2033
2013,T2027
2014,T2030
2015,T2037
2016,T2028
2017,T2035
2018,T2038
2019,T2032
202,T0253
2020,T2034
2021,T2039
2022,T2029
2023,T2031
2024,T2036
2025,T1723
2026,T1724
2027,T1725
2028,T1722
2029,T1727
203,T0243
2030,T1720
2031,T1728
2032,T1719
2033,T1730
2034,T1718
2035,T1729
2036,T1721
2037,T1726
2038,T0647
2039,T0596
204,T0254
2040,T0600
2041,T0587
2042,T0641
2043,T0631
2044,T0639
2045,T0626
2046,T0649
2047,T0592
2048,T0646
2049,T0621
205,T0221
2050,T0625
2051,T0619
2052,T0586
2053,T0607
2054,T0653
2055,T0627
2056,T0588
2057,T0643
2058,T0609
2059,T0642
206,T0248
2060,T0594
2061,T0618
2062,T0645
2063,T0634
2064,T0615
2065,T0638
2066,T0640
2067,T0620
2068,T0636
2069,T0589
207,T0259
2070,T0593
2071,T0624
2072,T0632
2073,T0610
2074,T0650
2075,T0648
2076,T0591
2077,T0595
2078,T0590
2079,T0629
208,T0232
2080,T0635
2081,T0644
2082,T0601
2083,T0598
2084,T0616
2085,T0622
2086,T0608
2087,T0614
2088,T0604
2089,T0655
209,T0234
2090,T0612
2091,T0603
2092,T0605
2093,T0599
2094,T0652
2095,T0585
2096,T0602
2097,T0597
2098,T0606
2099,T0617
21,T2016
2100,T0628
2101,T0613
2102,T0633
2103,T0651
2104,T0630
2105,T0654
2106,T0623
2107,T0611
2108,T0637
2109,T0216
211,T0222
2110,T0218
2111,T0200
2112,T0194
2113,T0203
2114,T0219
2115,T0197
2116,T0213
2117,T0206
2118,T0212
2119,T0202
212,T0250
2120,T0201
2121,T0196
2122,T0210
2123,T0195
2124,T0208
2125,T0193
2126,T0215
2127,T0199
2128,T0192
2129,T0204
213,T0233
2130,T0211
2131,T0198
2132,T0214
2133,T0205
2134,T0209
2135,T0207
2136,T0217
2137,T1769
2138,T1765
2139,T1771
214,T1981
2140,T1778
2141,T1770
2142,T1773
2143,T1779
2144,T1766
2145,T1776
2146,T1767
2147,T1782
2148,T1777
2149,T1774
215,T1999
2150,T1775
2151,T1768
2152,T1772
2153,T1781
2154,T1780
2155,T1507
2156,T1515
2157,T1505
2158,T1508
2159,T1518
216,T1989
2161,T1511
2162,T1510
2163,T1512
2164,T1509
2165,T1516
2166,T1517
2167,T1506
2168,T1513
2169,T1514
217,T1977
2170,T0397
2171,T0399
2172,T0398
2173,T0406
2174,T0421
2175,T0407
2176,T0405
2177,T0416
2178,T0409
2179,T0400
218,T1984
2180,T0424
2181,T0415
2182,T0411
2183,T0404
2184,T0408
2185,T0401
2186,T0403
2187,T0414
2188,T0423
2189,T0410
219,T1959
2190,T0413
2191,T0419
2192,T0420
2193,T0412
2194,T0422
2195,T0418
2196,T0417
2197,T0402
2198,T0113
2199,T0105
22,T2015
220,T1983
2200,T0150B
2201,T0128
2203,T0126
2204,T0130
2205,T0145
2206,T0138
2207,T0133
2208,T0142
2209,T0123
221,T1962
2210,T0117
2211,T0132
2212,T0121
2213,T0129
2214,T0102
2216,T0104
2217,T0101
2218,T0147
2219,T0108
222,T1975
2220,T0140
2221,T0109
2222,T0119
2223,T0143
2224,T0120
2225,T0122
2226,T0150A
2227,T0149
2228,T0131
2229,T0141
223,T1991
2230,T0099
2231,T0134
2232,T0137
2233,T0115
2234,T0124
2235,T0144
2236,T0148
2237,T0125
2238,T0112
2239,T0118
224,T1986A
2241,T0111
2242,T0100
2243,T0151
2244,T0139
2245,T0127
2246,T0135
2247,T0146
2248,T0106
2249,T0114
225,T1965
2250,T0136
2251,T0110
2252,T0107
2253,T0103
2254,T0116
2255,T2125
2256,T2142
2257,T2144
2258,T2131
2259,T2140
226,T1979
2260,T2139
2261,T2141B
2262,T2124
2263,T2143
2264,T2123
2265,T2126
2266,T2128
2267,T2127
2268,T2133B
2269,T2133A
227,T1971
2270,T2138
2271,T2136
2272,T2132
2273,T2129
2274,T2137
2275,T2135
2276,T2130
2277,T2134
2278,T2141A
2279,T2865
228,T1964
2280,T2788
2281,T2920
2282,T2749
2283,T2791
2284,T2748
2285,T2894
2286,T2811
2287,T2881
2288,T2825
2289,T2804
229,T2000
2290,T2873
2291,T2765
2292,T2864
2293,T2885
2294,T2875
2295,T2741
2296,T2912
2297,T2918
2298,T2751
2299,T2841
23,T2005
230,T1958
2300,T2861
2301,T2753
2302,T2850
2303,T2833
2304,T2773
2305,T2877
2306,T2852
2307,T2880
2308,T2785
2309,T2797
231,T1994B
2310,T2853
2311,T2831
2312,T2757
2313,T2917B
2314,T2789
2315,T2862
2316,T2736
2317,T2838
2318,T2746
2319,T2906
232,T1973
2320,T2750
2321,T2859
2322,T2846
2323,T2800
2324,T2826
2325,T2763
2326,T2890
2327,T2756
2328,T2874
2329,T2822
233,T1963
2330,T2910
2331,T2888
2332,T2764A
2333,T2775
2334,T2835
2335,T2803
2336,T2738
2337,T2807
2338,T2743
2339,T2902
234,T1996
2340,T2770
2341,T2915
2342,T2792
2343,T2772
2344,T2869
2345,T2809
2346,T2783
2347,T2810
2348,T2740
2349,T2847
235,T1998B
2350,T2913
2351,T2739
2352,T2828
2353,T2878
2354,T2759
2355,T2820
2356,T2836
2357,T2767
2358,T2899
2359,T2795
236,T1978
2360,T2844
2361,T2760
2362,T2857
2363,T2805
2364,T2898
2365,T2892
2366,T2778
2367,T2819
2368,T2747
2369,T2823
237,T1987A
2370,T2777
2371,T2843
2372,T2768
2373,T2830A
2374,T2742
2375,T2733
2376,T2782
2377,T2903
2378,T2886
2379,T2185
238,T1995
2380,T2186
2381,T2187
2382,T2188
2383,T2189
2384,T2190
2385,T2191
2386,T2192
2387,T2193
2388,T2194
2389,T2195
239,T1970
2390,T2196
2391,T2197
2392,T2198
2393,T2199
2394,T2200
2395,T2201
2396,T2202
2397,T2203A
2398,T2203B
2399,T2204
24,T2001
240,T1990
2400,T2205
2401,T2206A
2402,T2206B
2403,T2207
2404,T2208A
2405,T2208B
2406,T2208C
2407,T2209
2408,T2210
2409,T2211
241,T1974
2410,T2212
2411,T2213
2412,T2214
2413,T2215
2414,T2216
2415,T2217
2416,T2218
2417,T2219
2418,T2220
2419,T2221
242,T1986B
2420,T2222
2421,T2223
2422,T2224
2423,T2225
2424,T2226
2425,T2227
2426,T2228
2427,T2229
2428,T2230
2429,T2231
243,T1968
2430,T2232
2431,T2233
2432,T2234
2433,T2235
2434,T2236
2435,T2237
2436,T2238
2437,T2239
2438,T2240
2439,T2241
244,T1976
2440,T2242
2441,T2243
2442,T2244
2443,T2245
2444,T2246
2445,T2247
2446,T2248
2447,T2249
2448,T2250
2449,T2251
245,T1957
2450,T2252
2451,T2253
2452,T2254
2453,T2255
2454,T2256
2455,T2257
2456,T2258
2457,T2259
2458,T2260
2459,T2261
246,T1980
2460,T2262
2461,T2263
2462,T2264
2463,T2265
2464,T2266
2465,T2267
2466,T2268
2467,T2269
2468,T2270
2469,T2271
247,T1969A
2470,T2272
2471,T2273
2472,T2274
2473,T2275
2474,T2276
2475,T2277
2476,T2278
2477,T2279
2478,T2280
2479,T2281
248,T1993
2480,T2282
2481,T2283
2482,T2284
2483,T2285
2484,T2286
2485,T2287
2486,T2288
2487,T2289
2488,T2290
2489,T2291
249,T1998A
2490,T2292
2491,T2293
2492,T2294
2493,T2295
2494,T2296
2495,T2297
2496,T2298
2497,T2299
2498,T2300
2499,T2301
25,T2019A
250,T1967
2500,T2302
2501,T2303
2502,T2304
2503,T2305
2504,T2306
2505,T2307A
2506,T2307B
2507,T2308
2508,T2309
2509,T2310
251,T1969B
2510,T2311
2511,T2312
2512,T2313
2513,T2314
2514,T2315
2515,T2316
2516,T2317
2517,T2318
2518,T2319
2519,T2320
252,T1966
2520,T2321
2521,T2322
2522,T2323
2523,T2324
2524,T2325
2525,T2326
2526,T2327
2527,T2328
2528,T2329
2529,T2330
253,T1982
2530,T2331
2531,T2332
2532,T2333
2533,T2334
2534,T2335
2535,T2336
2536,T2337
2537,T2338
2538,T2339
2539,T2340
254,T1960
2540,T2341
2541,T2342
2542,T2343
2543,T2344
2544,T2345
2545,T2346
2546,T2347
2547,T2348
2548,T2349
2549,T2350
255,T1987B
2550,T2351
2551,T2352
2552,T2353
2553,T2354
2554,T2355
2555,T2356
2556,T2357
2557,T2358A
2558,T2358B
2559,T2359
256,T1985
2560,T2360
2561,T2361
2562,T2362
2563,T2363
2564,T2364
2565,T2365
2566,T2366
2567,T2367
2568,T2368
2569,T2369
257,T1994A
2570,T2370
2571,T2371
2572,T2372
2573,T2373
2574,T2374
2575,T2375
2576,T2376
2577,T2377
2578,T2378
2579,T2379
258,T1972
2580,T2380
2581,T2381
2582,T2382
2583,T2383
2584,T2384
2585,T2385
2586,T2386
2587,T2387
2588,T2388
2589,T2389
259,T1988
2590,T2390
2591,T2391
2592,T2392
2593,T2393
2594,T2394
2595,T2395A
2596,T2395B
2597,T2396
2598,T2397
2599,T2398
26,T2024
260,T1997
2600,T2399
2601,T2400
2602,T2401
2603,T2402
2604,T2403
2605,T2404
2606,T2405
2607,T2406
2608,T2407
2609,T2408
261,T1992
2610,T2409
2611,T2410
2612,T2411
2613,T2412
2614,T2413
2615,T2414
2616,T2415
2617,T2416
2618,T2417
2619,T2418
262,T1961
2620,T2419
2621,T2420
2622,T2421
2623,T2422
2624,T2423
2625,T2424
2626,T2425
2627,T2426
2628,T2427
2629,T2428
263,T0800
2630,T2429
2631,T2430
2632,T2431
2633,T2432
2634,T2433
2635,T2434
2636,T2435
2637,T2436
2638,T2437
2639,T2438
264,T0778
2640,T2439
2641,T2440
2642,T2441
2643,T2442
2644,T2443
2645,T2444
2646,T2445
2647,T2446
2648,T2447
2649,T2448
265,T0759
2650,T2449
2651,T2450
2652,T2451
2653,T2452
2654,T2453
2655,T2454
2656,T2455
2657,T2456
2658,T2457
2659,T2458
2660,T2459
2661,T2460
2662,T2461
2663,T2462
2664,T2463
2665,T2464
2666,T2465
2667,T2466
2668,T2467
2669,T2468
267,T0807
2670,T2469
2671,T2470
2672,T2471
2673,T2472
2674,T2473
2675,T2474
2676,T2475
2677,T2476
2678,T2477
2679,T2478
268,T0744
2680,T2479
2681,T2480
2682,T2481
2683,T2482
2684,T2483
2685,T2484
2686,T2485
2687,T2486
2688,T2487
2689,T2488
269,T0723
2690,T2489
2691,T2490
2692,T2491
2693,T2492
2694,T2493
2695,T2494
2696,T2495
2697,T2496
2698,T2497
2699,T2498
27,T2002A
270,T0788
2700,T2499
2701,T2500
2702,T2501
2703,T2502
2704,T2503
2705,T2504
2706,T2505
2707,T2506
2708,T2507
2709,T2508
271,T0761
2710,T2509
2711,T2510
2712,T2511
2713,T2512
2714,T2513
2715,T2514
2716,T2515
2717,T2516
2718,T2517
2719,T2518
272,T0817
2720,T2519
2721,T2520
2722,T2521
2723,T2522
2724,T2523
2725,T2524
2726,T2525
2727,T2526
2728,T2527
2729,T2528
273,T0749
2730,T2529
2731,T2530
2732,T2531
2733,T2532
2734,T2533
2735,T2534
2736,T2535
2737,T2536
2738,T2537
2739,T2538
274,T0735
2740,T2539
2741,T2540
2742,T2541
2743,T2542
2744,T2543
2745,T2544
2746,T2545
2747,T2546
2748,T2547
2749,T2548
275,T0836
2750,T2549
2751,T2550
2752,T2551
2753,T2552
2754,T2553
2755,T2554
2756,T2555
2757,T2556
2758,T2557
2759,T2558
276,T0755
2760,T2559
2761,T2560
2762,T2561
2763,T2562
2764,T2563
2765,T2564
2766,T2565
2767,T2566
2768,T2567
2769,T2568
277,T0739
2770,T2569
2771,T2570
2772,T2571
2773,T2572
2774,T2573
2775,T2574
2776,T2575
2777,T2576
2778,T2577
2779,T2578
278,T0769
2780,T2579
2781,T2580
2782,T2581
2783,T2582
2784,T2583
2785,T2584
2786,T2585
2787,T2586
2788,T2587
2789,T2588
279,T0831
2790,T2589
2791,T2590
2792,T2591
2793,T2592
2794,T2593
2795,T2594
2796,T2595
2797,T2596
2798,T2597
2799,T2598
28,T2020
280,T0752
2800,T2599
2801,T2600
2802,T2601
2803,T2602
2804,T2603
2805,T2604
2806,T2605
2807,T2606
2808,T2607
2809,T2608
281,T0827
2810,T2609
2811,T2610
2812,T2611
2813,T2612
2814,T2613
2815,T2614
2816,T2615
2817,T2616
2818,T2617
2819,T2618
282,T0824
2820,T2619
2821,T2620
2822,T2621
2823,T2622
2824,T2623
2825,T2624
2826,T2625
2827,T2626
2828,T2627
2829,T2628
283,T0775
2830,T2629
2831,T2630
2832,T2631
2833,T2632
2834,T2633
2835,T2634
2836,T2635
2837,T2636
2838,T2637
2839,T2638
284,T0808
2840,T2639
2841,T2640
2842,T2641
2843,T2642
2844,T2643
2845,T2644
2846,T2645
2847,T2646
2848,T2647
2849,T2648
285,T0730
2850,T2649
2851,T2650
2852,T2651
2853,T2652
2854,T2653
2855,T2654
2856,T2655
2857,T2656
2858,T2657
2859,T2658
286,T0750
2860,T2659
2861,T2660
2862,T2661
2863,T2662
2864,T2663
2865,T2664
2866,T2665
2867,T2666
2868,T2667
2869,T2668
287,T0806
2870,T2669
2871,T2670
2872,T2671
2873,T2672
2874,T2673
2875,T2674
2876,T2675
2877,T2676
2878,T2677
2879,T2678
288,T0810
2880,T2679
2881,T2680
2882,T2681
2883,T2682
2884,T2683
2885,T2684
2886,T2685
2887,T2686
2888,T2687
2889,T2688
289,T0732
2890,T2689
2891,T2690
2892,T2691
2893,T2692
2894,T2693
2895,T2694
2896,T2695
2897,T2696
2898,T2697
2899,T2698
29,T2098
290,T0803
2900,T2699
2901,T2700
2902,T2701
2903,T2702
2904,T2703
2905,T2704
2906,T2705
2907,T2706
2908,T2707
2909,T2708
291,T0818
2910,T2709
2911,T2710
2912,T2711
2913,T2712
2914,T2713
2915,T2714
2916,T2715
2917,T2716
2918,T2717
2919,T2718
292,T0815
2920,T2719
2921,T2720
2922,T2721
2923,T2722
2924,T2723
2925,T2724
2926,T2725
2927,T2726
2928,T2727
2929,T2728
293,T0837
2930,T2729
2931,T2730
2932,T2731
2933,T2732
294,T0804
295,T0768
296,T0754
297,T0756
298,T0791
299,T0813
3,T2012A
30,T2080
300,T0828
301,T0820
302,T0722
303,T0774
304,T0747
305,T0816
306,T0783
307,T0779
308,T0844
309,T0786
31,T2070
310,T0794
311,T0731
312,T0801
313,T0738
314,T0773
316,T0787
317,T0834
318,T0846
319,T0829
32,T2066
320,T0748
321,T0751
322,T0737
323,T0840
324,T0746
325,T0725
326,T0805
327,T0753
328,T0809
329,T0841
33,T2067
330,T0822
331,T0797
332,T0740
333,T0758
334,T0766
336,T0733
337,T0767
338,T0764
339,T0835
34,T2079
340,T0770
341,T0727
342,T0830
343,T0792
344,T0845
345,T0742
346,T0780
347,T0833
348,T0784
349,T0823
35,T2074
350,T0765
351,T0789
352,T0838
353,T0772
354,T0776
355,T0798
356,T0729
357,T0793
358,T0741
359,T0843
36,T2085
360,T0782
361,T0825
362,T0762
363,T0839
364,T0814
365,T0771
366,T0724
367,T0819
368,T0726
369,T0790
37,T2072
370,T0721
371,T0736
372,T0728
373,T0802
374,T0743
375,T0847
376,T0842
377,T0796
378,T0812
379,T0821
38,T2088
380,T0811
381,T0734
382,T0777
383,T0781
384,T0760
385,T0799
386,T0826
388,T0745
389,T0795
39,T2092
390,T0832
391,T0785
392,T0757
393,T0763
394,T0275
395,T0276
396,T0271
397,T0266
398,T0263
399,T0274
4,T2023
40,T2101
400,T0262
401,T0270
402,T0264
403,T0272
404,T0269
405,T0273
406,T0268
407,T0267
408,T0277
409,T0278
41,T2075
410,T0265
411,T2174B
412,T2167
413,T2171
414,T2160
415,T2150
416,T2147
417,T2148
418,T2162
419,T2165
42,T2087
420,T2151
421,T2173
422,T2170
423,T2158
424,T2146
425,T2174A
4252,T150B
4258,T2858
426,T2152
427,T2179
428,T2157
4285,T2891
429,T2149
43,T2090
430,T2154
431,T2168B
432,T2159
433,T2153
434,T2155
4341,T0475
4342,T310(17)
4343,T310(26)
435,T2156
436,T2145
437,T2166
4376,T2868
438,T2168A
439,T2161
44,T2094
440,T2180
441,T2184
442,T2178
443,T2183
444,T2163
445,T2176
446,T2169
447,T2181
448,T2164
449,T2177
45,T2099
450,T2172
451,T2182
4515,T310(30)
452,T2175
4520,T1422b
453,T1429
4537,T2867
454,T1424
455,T1422
456,T1432
4562,T2884
457,T1421
4570,T2919
4576,T2914
458,T1423
459,T1425
46,T2069
460,T1434
4605,T310(43)
4609,T310(24)
461,T1433
4614,T310(9)
462,T1430
4623,T397(1)
4624,T397(2)
4625,T397(13)
4626,T310(38)
463,T1428
465,T1427
466,T1431
467,T1426
468,T0985
469,T0928
47,T2078
470,T0931
471,T0950
472,T0923
473,T0978
474,T0932
475,T0926
476,T0993
477,T0924A
478,T0957
479,T1001
48,T2083
480,T0999
481,T0921
482,T1009
483,T0933
484,T1025
485,T0937
486,T0944A
487,T0929
488,T0970
489,T1029
49,T2068
490,T0974B
491,T0974A
492,T0983B
493,T0965
494,T1018
495,T0983A
496,T0938
497,T1024
498,T0920
499,T0981
5,T2009
50,T2084
500,T0979
501,T1011
502,T0972
503,T1013
504,T0977
505,T1000
506,T1023
507,T0935
508,T0976
509,T1003
51,T2089
510,T1008
511,T1010
512,T0974D
513,T1028A
514,T0975
515,T0953
516,T0943
517,T1019
518,T1014
519,T0987
52,T2073
520,T0998
521,T0925
522,T0988
523,T0968
524,T0949
525,T1006
526,T1012
527,T1022B
528,T0969
529,T0952
53,T2071
530,T0989
531,T0955
532,T0963
533,T1028B
534,T0936
535,T0980
536,T1004
537,T0971
538,T1027
539,T0939
54,T2095
540,T1017
541,T1021
542,T0942
543,T1026
544,T0924B
545,T0919
546,T0927
547,T0934
548,T0954B
549,T0959
55,T2100
550,T0956
551,T0947
552,T0940
553,T1007
554,T1005B
555,T0974E
556,T0954A
557,T1020
558,T0974F
559,T1005A
56,T2096
560,T0982
561,T0941
562,T0996
563,T0946
565,T0990
566,T0930
567,T0973
568,T0960
569,T0924C
57,T2093
570,T0994
571,T0997
572,T0962
573,T0958
574,T1022A
575,T0945
576,T0964
577,T0967
578,T0986
579,T0922
58,T2082
580,T0991
581,T0961
582,T1016
583,T1015
584,T1002
585,T0984
586,T0951
587,T0944B
588,T0948
589,T0995
59,T2077
590,T0966
591,T0992
592,T0918
593,T0974C
594,T0470
595,T0533
596,T0478
597,T0582
598,T0431
599,T0434
6,T2021
60,T2086
600,T0494
601,T0502
602,T0480
603,T0544
604,T0451
605,T0446
606,T0487
607,T0482
608,T0492
609,T0471
61,T2091
610,T0516
611,T0556
612,T0462
613,T0450
614,T0517
615,T0561
616,T0453
617,T0571
618,T0503
619,T0499
62,T2081
620,T0472
621,T0501
622,T0573
623,T0427
624,T0523
625,T0435
626,T0441
627,T0459
628,T0432
629,T0464
63,T2097
630,T0518
631,T0540
632,T0520
633,T0468
634,T0528
635,T0534
637,T0574
638,T0512
639,T0430
64,T2076
640,T0572
641,T0485
642,T0473
643,T0426
644,T0522
645,T0458
646,T0564
647,T0527
648,T0443
649,T0575
65,T2122
651,T0557
652,T0442
653,T0541
654,T0452
655,T0551
656,T0578
659,T0519
66,T2121
660,T0515
661,T0570
662,T0537
663,T0549
664,T0546
665,T0536
666,T0526
667,T0429
668,T0463
669,T0461
67,T1742
670,T0465
671,T0449
672,T0530
673,T0567
675,T0447
676,T0580
677,T0479
678,T0514
679,T0440
68,T1737
680,T0531
681,T0545
682,T0547
683,T0511
684,T0552
685,T0455
686,T0577
687,T0513
688,T0433
689,T0474
69,T1743
690,T0583
691,T0532
692,T0542
693,T0438
694,T0488
695,T0445
696,T0439
697,T0508
698,T0481
699,T0444
7,T2004
70,T1739
700,T0559
701,T0581
702,T0469
703,T0498
704,T0538
705,T0500
706,T0535
707,T0543
708,T0448
709,T0584
71,T1741
710,T0476
711,T0428
712,T0550
713,T0496
714,T0505
715,T0483
716,T0566
717,T0490
718,T0579
719,T0466
72,T1738
720,T0484
721,T0560
722,T0565
723,T0425
724,T0456
725,T0491
726,T0548
727,T0486
728,T0558
729,T0524
73,T1740
730,T0437
731,T0493
732,T0460
733,T0467
734,T0489
735,T0510
736,T0568
737,T0497
738,T0454
739,T0509
74,T1736
740,T0521
741,T0554
742,T0525
743,T0504
744,T0562
745,T0563
746,T0506
747,T0539
748,T0436
75,T1758
750,T0555
751,T0457
752,T0529
753,T0569
754,T0576
755,T0553
756,T0507
757,T0477
758,T0495
759,T1822
76,T1754
760,T1821
761,T1823
762,T1621
763,T1604
764,T1590
765,T1607
766,T1616
767,T1602
768,T1623
769,T1598
77,T1744
770,T1620
771,T1614
772,T1595
773,T1619
774,T1603
775,T1588
776,T1615
777,T1613
778,T1601
779,T1593
78,T1759
780,T1600
781,T1611
782,T1591
783,T1622
784,T1592
785,T1597
786,T1589
787,T1617
788,T1587
789,T1606
79,T1746
790,T1625
791,T1586
792,T1610
793,T1605
794,T1618
795,T1624
796,T1596
797,T1627
798,T1599
799,T1612
8,T2014
80,T1763
800,T1609
801,T1608
802,T1594
803,T1626
804,T1585
805,T0063
806,T0053
807,T0016
808,T0031
809,T0022
81,T1757
810,T0046
811,T0061
812,T0089
813,T0036
814,T0021
815,T0093
816,T0024
817,T0068
818,T0056
819,T0007
82,T1750
820,T0091
821,T0066
822,T0065
823,T0088
824,T0064
825,T0037
826,T0051
827,T0069
828,T0006
829,T0094
83,T1751
830,T0085
831,T0026
832,T0078
833,T0047
834,T0013
835,T0058
836,T0045
837,T0057
838,T0035
839,T0072
84,T1764
840,T0049
841,T0082
842,T0004
843,T0090
844,T0023
845,T0062
846,T0098
847,T0044
848,T0096
849,T0083
85,T1761
850,T0009
851,T0011
852,T0008
853,T0029
854,T0055
855,T0087
856,T0005
857,T0086
858,T0071
859,T0050
86,T1747
860,T0080
861,T0067
862,T0025
863,T0019
864,T0081
865,T0038
866,T0092
867,T0012
868,T0042
869,T0032
87,T1748
870,T0014
871,T0015
872,T0054
873,T0018
874,T0040
875,T0077
876,T0028
877,T0048
878,T0079
879,T0020
88,T1760
880,T0002
881,T0052
882,T0039
883,T0075
884,T0001
885,T0060
886,T0073
887,T0010
888,T0030
889,T0059
89,T1749
890,T0097
891,T0027
892,T0084
893,T0017
894,T0095
895,T0043
896,T0034
897,T0070
898,T0003
899,T0041
9,T2010
90,T1745
900,T0076
901,T0074
902,T0033
903,T1527
904,T1540
905,T1536
906,T1538
907,T1530
908,T1533
909,T1544
91,T1756
910,T1528
911,T1522
912,T1526
913,T1525
914,T1529
915,T1523
916,T1520
917,T1543
918,T1541
919,T1539
92,T1762
920,T1524
921,T1531
922,T1532
923,T1542
924,T1534
925,T1537
926,T1521
927,T1519
928,T1535
929,T0695
93,T1755
930,T0681
931,T0668
932,T0711
933,T0694
934,T0691
935,T0690
936,T0675
937,T0713
938,T0701
939,T0660
94,T1753
940,T0677
941,T0672
942,T0674
943,T0710
944,T0705
945,T0700
946,T0673
947,T0714
948,T0656
949,T0706
95,T1752
950,T0720
951,T0684
952,T0664
953,T0683
954,T0703
955,T0719
956,T0666
957,T0689
958,T0712
959,T0697
96,T1847
960,T0708
961,T0702
962,T0671
963,T0704
964,T0707
965,T0698
966,T0687
967,T0667
968,T0686
969,T0658
97,T1842
970,T0693
971,T0676
972,T0662
973,T0663
974,T0718
975,T0680
976,T0716
977,T0670
978,T0661
979,T0682
98,T1851
980,T0692
981,T0665
982,T0717
983,T0678
984,T0679
985,T0709
986,T0715
987,T0669
988,T0657
989,T0699
99,T1845
990,T0659
991,T0685
992,T0688
993,T0696
994,T1208
995,T1248
996,T1347
997,T1305
998,T1260
999,T1254