K1,D1
K1-1,D1-1
K1-2,D1-2
K1-3,D1-3
K1-4,D1-4
K1-5,D1-5
K1-6,D1-6
K1-7,D1-7
K1-8,D1-8
K1-9,D1-9
K1-10,D1-10
K1-11,D1-11
K1-12,D1-12
K1-13,D1-13
K1-14,D1-14
K1-15,D1-15
K1-16,D1-16
K1-17,D1-17
K2,D2
K3,D3
K4,D4
K5,D5
K6,D6
K7,D7
K739,D7a
K8,D8
K9,D9
K10,D10
K11,D11
K12,D12
K13,D13
K14,D14
K15,D15
K16,D16
K17,D17
K18,D18
K19,D19
K490,D20
K529,D21
K22,D22
K23,D23
K24,D24
K25,D25
K26,D26
K27,D27
K28,D28
K29,D29
K30,D30
K31,D31
K32,D32
K33,D33
K34,D34
K35,D35
K36,D36
K37,D37
K38,D38
K39,D39
K40,D40
K41,D41
K42,D42
K43,D43
K44,D44
K44-1,D44-1
K44-2,D44-2
K44-3,D44-3
K44-4,D44-4
K44-5,D44-5
K44-6,D44-6
K44-7,D44-7
K44-8,D44-8
K44-9,D44-9
K44-10,D44-10
K44-11,D44-11
K44-12,D44-12
K44-13,D44-13
K44-14,D44-14
K44-15,D44-15
K44-16,D44-16
K44-17,D44-17
K44-18,D44-18
K44-19,D44-19
K44-20,D44-20
K44-21,D44-21
K44-22,D44-22
K44-23,D44-23
K44-24,D44-24
K44-25,D44-25
K44-26,D44-26
K44-27,D44-27
K44-28,D44-28
K44-29,D44-29
K44-30,D44-30
K44-31,D44-31
K44-32,D44-32
K44-33,D44-33
K44-34,D44-34
K44-35,D44-35
K44-36,D44-36
K44-37,D44-37
K44-38,D44-38
K44-39,D44-39
K44-40,D44-40
K44-41,D44-41
K44-42,D44-42
K44-43,D44-43
K44-44,D44-44
K44-45,D44-45
K1095,D44-45e
K45,D45
K46,D46
K47,D47
K48,D48
K49,D49
K50,D50
K51,D51
K52,D52
K53,D53
K54,D54
K55,D55
K56,D56
K57,D57
K58,D58
K59,D59
K60,D60
K61,D61
K62,D62
K63,D63
K64,D64
K65,D65
K66,D66
K67,D67
K68,D68
K69,D69
K70,D70
K71,D71
K72,D72
K73,D73
K74,D74
K75,D75
K76,D76
K77,D77
K78,D78
K79,D79
K80,D80
K81,D81
K82,D82
K83,D83
K84,D84
K85,D85
K86,D86
K87,D87
K88,D88
K89,D89
K24,D90
K91,D91
K92,D92
K93,D93
K94,D94
K95,D95
K96,D96
K97,D97
K98,D98
K99,D99
K100,D100
K101,D101
K102,D102
K103,D103
K104,D104
K105,D105
K106,D106
K107,D107
K108,D108
K109,D109
K110,D110
K111,D111
K112,D112
K113,D113
K114,D114
K115,D115
K116,D116
K117,D117
K118,D118
K119,D119
K120,D120
K121,D121
K122,D122
K123,D123
K124,D124
K125,D125
K126,D126
K127,D127
K128,D128
K129,D129
K130,D130
K131,D131
K132,D132
K133,D133
K134,D134
K135,D135
K136,D136
K137,D137
K138,D138
K139,D139
K140,D140
K141,D141
K142,D142
K143,D143
K144,D144
K145,D145
K146,D146
K147,D147
K148,D148
K149,D149
K150,D150
K151,D151
K152,D152
K153,D153
K154,D154
K155,D155
K156,D156
K157,D157
K158,D158
K159,D159
K160,D160
K161,D161
K162,D162
K163,D163
K164,D164
K165,D165
K166,D166
K167,D167
K168,D168
K169,D169
K170,D170
K171,D171
K172,D172
K173,D173
K174,D174
K175,D175
K176,D176
K177,D177
K178,D178
K179,D179
K180,D180
K181,D181
K182,D182
K183,D183
K184,D184
K185,D185
K186,D186
K187,D187
K188,D188
K189,D189
K190,D190
K191,D191
K192,D192
K193,D193
K194,D194
K195,D195
K196,D196
K197,D197
K198,D198
K199,D199
K200,D200
K201,D201
K202,D202
K203,D203
K204,D204
K205,D205
K206,D206
K207,D207
K208,D208
K209,D209
K210,D210
K211,D211
K212,D212
K213,D213
K214,D214
K215,D215
K216,D216
K217,D217
K218,D218
K219,D219
K220,D220
K221,D221
K222,D222
K223,D223
K224,D224
K225,D225
K226,D226
K227,D227
K228,D228
K229,D229
K230,D230
K231,D231
K232,D232
K233,D233
K234,D234
K235,D235
K236,D236
K237,D237
K238,D238
K239,D239
K240,D240
K241,D241
K242,D242
K243,D243
K244,D244
K245,D245
K246,D246
K247,D247
K248,D248
K249,D249
K250,D250
K251,D251
K252,D252
K253,D253
K254,D254
K255,D255
K256,D256
K257,D257
K258,D258
K259,D259
K260,D260
K261,D261
K262,D262
K263,D263
K264,D264
K265,D265
K266,D266
K267,D267
K268,D268
K269,D269
K270,D270
K271,D271
K272,D272
K273,D273
K274,D274
K275,D275
K276,D276
K277,D277
K278,D278
K279,D279
K280,D280
K281,D281
K282,D282
K283,D283
K284,D284
K285,D285
K286,D286
K287,D287
K288,D288
K289,D289
K290,D290
K291,D291
K292,D292
K293,D293
K294,D294
K295,D295
K296,D296
K297,D297
K298,D298
K299,D299
K300,D300
K301,D301
K302,D302
K303,D303
K304,D304
K305,D305
K306,D306
K307,D307
K308,D308
K309,D309
K310,D310
K311,D311
K312,D312
K313,D313
K314,D314
K315,D315
K316,D316
K317,D317
K318,D318
K319,D319
K320,D320
K321,D321
K322,D322
K323,D323
K324,D324
K325,D325
K326,D326
K327,D327
K328,D328
K329,D329
K330,D330
K331,D331
K332,D332
K333,D333
K334,D334
K335,D335
K336,D336
K337,D337
K338,D338
K339,D339
K340,D340
K341,D341
K342,D342
K343,D343
K344,D344
K345,D345
K346,D346
K347,D347
K348,D348
K349,D349
K350,D350
K351,D351
K352,D352
K353,D353
K354,D354
K355,D355
K356,D356
K357,D357
K358,D358
K359,D359
K945,D359a
K360,D360
K361,D361
K362,D362
K363,D363
K364,D364
K365,D365
K366,D366
K367,D367
K368,D368
K369,D369
K370,D370
K371,D371
K372,D372
K373,D373
K374,D374
K375,D375
K376,D376
K377,D377
K378,D378
K379,D379
K380,D380
K381,D381
K382,D382
K383,D383
K384,D384
K385,D385
K386,D386
K387,D387
K388,D388
K389,D389
K390,D390
K391,D391
K392,D392
K393,D393
K394,D394
K395,D395
K396,D396
K397,D397
K398,D398
K399,D399
K400,D400
K401,D401
K402,D402
K403,D403
K404,D404
K405,D405
K406,D406
K407,D407
K408,D408
K409,D409
K410,D410
K411,D411
K412,D412
K413,D413
K414,D414
K415,D415
K416,D416
K417,D417
K418,D418
K419,D419
K420,D420
K421,D421
K422,D422
K423,D423
K424,D424
K425,D425
K426,D426
K427,D427
K428,D428
K429,D429
K430,D430
K431,D431
K432,D432
K433,D433
K434,D434
K435,D435
K436,D436
K437,D437
K438,D438
K439,D439
K440,D440
K441,D441
K442,D442
K443,D443
K444,D444
K445,D445
K446,D446
K447,D447
K448,D448
K449,D449
K450,D450
K451,D451
K452,D452
K453,D453
K454,D454
K455,D455
K456,D456
K457,D457
K458,D458
K459,D459
K460,D460
K946,D460a
K461,D461
K462,D462
K463,D463
K464,D464
K465,D465
K466,D466
K467,D467
K468,D468
K469,D469
K470,D470
K471,D471
K472,D472
K473,D473
K474,D474
K475,D475
K476,D476
K477,D477
K478,D478
K479,D479
K480,D480
K481,D481
K482,D482
K483,D483
K484,D484
K485,D485
K486,D486
K487,D487
K488,D488
K17,D489
K489,D490
K490,D491
K491,D492
K492,D493
K493,D494
K494,D495
K495,D496
K496,D497
K497,D498
K498,D499
K499,D500
K500,D501
K501,D502
K502,D503
K503,D504
K504,D505
K21,D505a
K505,D506
K506,D507
K507,D508
K508,D509
K509,D510
K273,D511
K270,D512
K512,D513
K513,D514
K514,D515
K515,D516
K516,D517
K517,D518
K518,D519
K212,D520
K520,D521
K521,D522
K522,D523
K523,D524
K140,D525
K141,D526
K114,D527
K527,D528
K528,D529
K22,D530
K529,D531
K530,D532
K531,D533
K532,D534
K533,D535
K534,D536
K535,D537
K536,D538
K768,D539
K537,D539a
K538,D540
K539,D541
K540,D542
K541,D543
K542,D544
K543,D545
K544,D546
K545,D547
K546,D548
K547,D549
K548,D550
K90,D551
K549,D552
K25,D553
K19,D554
K550,D555
K551,D556
K552,D557
K553,D558
K554,D559
K555,D560
K556,D561
K557,D562
K558,D563
K559,D564
K560,D565
K561,D566
K562,D567
K563,D568
K564,D569
K565,D570
K566,D571
K567,D572
K568,D573
K569,D574
K570,D575
K20,D576
K571,D577
K572,D578
K573,D579
K574,D580
K575,D581
K576,D582
K577,D583
K578,D584
K579,D585
K580,D586
K581,D587
K582,D588
K583,D589
K584,D590
K585,D591
K586,D592
K587,D593
K588,D594
K589,D595
K590,D596
K591,D597
K592,D598
K593,D599
K594,D600
K595,D601
K596,D602
K597,D603
K598,D604
K599,D605
K600,D606
K601,D607
K602,D608
K603,D609
K604,D610
K143,D611
K606,D612
K607,D613
K608,D614
K609,D615
K610,D616
K313,D617
K612,D618
K613,D619
K614,D620
K615,D621
K616,D622
K617,D623
K618,D624
K619,D625
K620,D626
K621,D627
K312,D628
K623,D629
K624,D630
K625,D631
K626,D632
K627,D633
K628,D634
K629,D635
K630,D636
K631,D637
K632,D638
K633,D639
K634,D640
K635,D641
K636,D642
K637,D643
K638,D644
K639,D645
K640,D646
K641,D647
K642,D648
K643,D649
K644,D650
K645,D651
K646,D652
K647,D653
K648,D654
K649,D655
K650,D656
K235,D657
K234,D658
K653,D659
K654,D660
K655,D661
K656,D662
K657,D663
K658,D664
K659,D665
K660,D666
K661,D667
K662,D668
K663,D669
K664,D670
K665,D671
K666,D672
K667,D673
K611,D673a
K668,D674
K669,D675
K670,D676
K671,D677
K672,D678
K673,D679
K674,D680
K675,D681
K676,D682
K677,D683
K678,D684
K679,D685
K680,D686
K681,D687
K682,D688
K683,D689
K684,D690
K685,D691
K686,D692
K687,D693
K688,D694
K689,D695
K690,D696
K691,D697
K692,D698
K693,D699
K694,D700
K695,D701
K696,D702
K697,D703
K698,D704
K699,D705
K700,D706
K701,D707
K702,D708
K703,D709
K704,D710
K705,D711
K706,D712
K707,D713
K708,D714
K709,D715
K710,D716
K711,D717
K644,D718
K713,D719
K714,D720
K98,D721
K716,D722
K717,D723
K718,D724
K719,D725
K720,D726
K721,D727
K722,D728
K723,D729
K724,D730
K725,D731
K726,D732
K727,D733
K728,D734
K729,D735
K730,D736
K731,D737
K732,D738
K733,D739
K734,D740
K735,D741
K736,D742
K737,D743
K738,D744
K721,D745
K740,D746
K741,D747
K742,D748
K743,D749
K744,D750
K745,D751
K746,D752
K747,D753
K748,D754
K749,D755
K750,D756
K751,D757
K752,D758
K753,D759
K754,D760
K755,D761
K756,D762
K757,D763
K758,D764
K759,D765
K760,D766
K761,D767
K762,D768
K763,D769
K764,D770
K765,D771
K766,D772
K767,D773
K768,D774
K769,D775
K770,D776
K771,D777
K772,D778
K773,D779
K774,D780
K775,D781
K776,D782
K777,D783
K778,D784
K779,D785
K780,D786
K781,D787
K782,D788
K783,D789
K784,D790
K785,D791
K786,D792
K787,D793
K788,D794
K789,D795
K790,D796
K791,D797
K792,D798
K793,D799
K794,D800
K795,D801
K796,D802
K797,D803
K798,D804
K799,D805
K800,D806
K801,D807
K802,D808
K803,D809
K804,D810
K805,D811
K716,D812
K807,D813
K808,D814
K809,D815
K810,D816
K811,D817
K812,D818
K813,D819
K814,D820
K815,D821
K816,D822
K817,D823
K818,D824
K819,D825
K820,D826
K821,D827
K822,D828
K823,D829
K824,D830
K825,D831
K826,D832
K827,D833
K828,D834
K829,D835
K830,D836
K831,D837
K832,D838
K833,D839
K834,D840
K835,D841
K835-1,D841-1
K835-2,D841-2
K835-3,D841-3
K835-4,D841-4
K835-5,D841-5
K835-6,D841-6
K835-7,D841-7
K835-8,D841-8
K651,D841a
K843,D842
K950,D842a
K844,D843
K845,D844
K847,D846
K951,D846a
K145,D847
K521,D848
K668,D849
K670,D850
K673,D851
K270,D852
K273,D853
K513,D854
K514,D855
K512,D856
K517,D857
K527,D858
K564,D859
K531,D860
K532,D861
K862,D862
K646,D863
K671,D864
K865,D865
K537,D866
K672,D867
K533,D868
K534,D869
K535,D870
K516,D871
K540,D872
K530,D873
K628,D874
K629,D875
K630,D876
K631,D877
K632,D878
K633,D879
K634,D880
K635,D881
K638,D882
K506,D883
K595,D884
K505,D885
K515,D886
K522,D887
K528,D888
K674,D889
K637,D890
K891,D891
K543,D892
K544,D893
K546,D894
K547,D895
K548,D896
K685,D897
K686,D898
K687,D899
K699,D900
K676,D901
K682,D902
K681,D903
K693,D904
K691,D905
K727,D906
K766,D907
K692,D908
K719,D909
K690,D910
K689,D911
K912,D912
K597,D913
K140,D914
K608,D915
K141,D916
K570,D917
K143,D918
K701,D919
K508,D920
K596,D921
K569,D922
K606,D923
K627,D924
K603,D925
K602,D926
K604,D927
K702,D928
K601,D929
K704,D930
K539,D931
K20,D932
K571,D933
K572,D934
K573,D935
K574,D936
K575,D937
K576,D938
K577,D939
K578,D940
K579,D941
K580,D942
K581,D943
K582,D944
K583,D945
K745,D946
K751,D947
K742,D948
K744,D949
K743,D950
K748,D951
K952,D952
K953,D953
K746,D954
K747,D955
K599,D956
K749,D957
K600,D958
K649,D959
K731,D960
K623,D961
K594,D962
K625,D963
K753,D964
K754,D965
K757,D966
K612,D967
K728,D968
K767,D969
K758,D970
K763,D971
K765,D972
K762,D973
K313,D974
K648,D975
K609,D976
K523,D977
K703,D978
K518,D979
K212,D980
K520,D981
K509,D982
K593,D983
K591,D984
K584,D985
K586,D986
K987,D987
K559,D988
K607,D989
K566,D990
K565,D991
K726,D992
K567,D993
K729,D994
K730,D995
K568,D996
K654,D997
K655,D998
K496,D999
K721,D1000
K723,D1001
K724,D1002
K562,D1003
K563,D1004
K734,D1005
K735,D1006
K656,D1007
K613,D1008
K737,D1009
K624,D1010
K771,D1011
K772,D1012
K776,D1013
K616,D1014
K617,D1015
K619,D1016
K618,D1017
K614,D1018
K620,D1019
K615,D1020
K778,D1021
K779,D1022
K780,D1023
K1024,D1024
K781,D1025
K782,D1026
K783,D1027
K784,D1028
K787,D1029
K788,D1030
K774,D1031
K775,D1032
K785,D1033
K786,D1034
K790,D1035
K736,D1036
K644,D1037
K713,D1038
K1039,D1039
K645,D1040
K714,D1041
K705,D1042
K706,D1043
K707,D1044
K708,D1045
K709,D1046
K710,D1047
K711,D1048
K773,D1049
K797,D1050
K789,D1051
K621,D1052
K791,D1053
K792,D1054
K793,D1055
K794,D1056
K795,D1057
K796,D1058
K908,D1059
K553,D1059a
K777,D1060
K650,D1061
K647,D1062
K235,D1063
K234,D1064
K653,D1065
K1066,D1066
K1067,D1067
K536,D1068
K1069,D1069
K1070,D1070
K1071,D1071
K536,D1072
K1073,D1073
K768,D1074
K769,D1075
K770,D1076
K643,D1077
K538,D1078
K641,D1079
K640,D1080
K642,D1081
K798,D1082
K610,D1083
K659,D1084
K662,D1085
K663,D1086
K664,D1087
K666,D1088
K667,D1089
K1090,D1090
K1091,D1091
K732,D1092
K312,D1093
K716,D1094
K1095,D1095
K1096,D1096
K1097,D1097
K807,D1098
K808,D1099
K813,D1100
K811,D1101
K812,D1102
K820,D1103
K815,D1104
K816,D1105
K817,D1106
K1107,D1107
K821,D1108
K846,D845
T1,D1109
T2,D1110
T3,D1111
T4,D1112
T5,D1113
T6,D1114
T7,D1115
T8,D1116
T9,D1117
T10,D1118
T11,D1119
T12,D1120
T13,D1121
T14,D1122
T15,D1123
T16,D1124
T17,D1125
T3052,D1126
T18,D1127
T19,D1128
T20,D1129
T21,D1130
T22,D1131
T23,D1132
T24,D1133
T3957,D1134
T26,D1135
T27,D1136
T28,D1137
T29,D1138
T30,D1139
T31,D1140
T32,D1141
T33,D1142
T34,D1143
T35,D1144
T36,D1145
T37,D1146
T38,D1147
T39,D1148
T40,D1149
T41,D1150
T42,D1151
T43,D1152
T3053,D1153
T3054,D1154
T44,D1155
T45,D1156
T46,D1157
T47,D1158
T48,D1159
T49,D1160
T50,D1161
T51,D1162
T52,D1163
T53,D1164
T54,D1165
T55,D1166
T56,D1167
T57,D1168
T58,D1169
T59,D1170
T3055,D1171
T60,D1172
T3056,D1173
T2843,D1174
T3057,D1175
T3042,D1176
T3043,D1177
T3058,D1178
T3059,D1179
T310,D1180
T311,D1181
T312,D1182
T313,D1183
T314,D1184
T315,D1185
T316,D1186
T317,D1187
T318,D1188
T319,D1189
T321,D1190
T320,D1191
T322,D1192
T323,D1193
T324,D1194
T325,D1195
T326,D1196
T327,D1197
T328,D1198
T329,D1199
T330,D1200
T331,D1201
T332,D1202
T333,D1203
T334,D1204
T335,D1205
T336,D1206
T337,D1207
T338,D1208
T339,D1209
T340,D1210
T341,D1211
T342,D1212
T3989,D1213
T344,D1214
T3060,D1215
T345,D1216
T346,D1217
T347,D1218
T348,D1219
T349,D1220
T350,D1221
T351,D1222
T217,D1223
T353,D1224
T354,D1225
T355,D1226
T356,D1227
T357,D1228
T358,D1229
T359,D1230
T156,D1231
T361,D1232
T362,D1233
T363,D1234
T364,D1235
T365,D1236
T366,D1237
T367,D1238
T368,D1239
T369,D1240
T370,D1241
T371,D1242
T372,D1243
T373,D1244
T374,D1245
T375,D1246
T376,D1247
T377,D1248
T3990,D1249
T379,D1250
T380,D1251
T381,D1252
T382,D1253
T383,D1254
T384,D1255
T385,D1256
T386,D1257
T387,D1258
T388,D1259
T389,D1260
T390,D1261
T391,D1262
T419,D1263
T420,D1264
T421,D1265
T422,D1266
T423,D1267
T424,D1268
T425,D1269
T392,D1270
T3996,D1271
T394,D1272
T395,D1273
T396,D1274
T397,D1275
T398,D1276
T399,D1277
T400,D1278
T401,D1279
T402,D1280
T403,D1281
T404,D1282
T405,D1283
T406,D1284
T408,D1285
T409,D1286
T410,D1287
T411,D1288
T412,D1289
T413,D1290
T414,D1291
T3991,D1292
T416,D1293
T417,D1294
T4000,D1295
T426,D1296
T427,D1297
T428,D1298
T429,D1299
T430,D1300
T431,D1301
T432,D1302
T433,D1303
T434,D1304
T435,D1305
T436,D1306
T437,D1307
T438,D1308
T439,D1309
T440,D1310
T441,D1311
T442,D1312
T443,D1313
T444,D1314
T445,D1314a
T446,D1315
T447,D1316
T448,D1317
T449,D1318
T450,D1319
T451,D1320
T452,D1320a
T453,D1321
T454,D1322
T3992,D1323
T456,D1324
T457,D1325
T4255,D1326
T459,D1327
T460,D1328
T461,D1329
T462,D1330
T463,D1331
T464,D1332
T465,D1333
T466,D1334
T467,D1335
T468,D1336
T469,D1337
T470,D1338
T471,D1339
T472,D1340
T473,D1341
T474,D1342
T475,D1343
T476,D1344
T477,D1345
T3061,D1346
T64,D1347
T65,D1348
T66,D1349
T67,D1350
T68,D1351
T69,D1352
T70,D1353
T71,D1354
T72,D1355
T73,D1356
T74,D1357
T75,D1358
T76,D1359
T77,D1360
T78,D1361
T79,D1362
T3062,D1363
T80,D1364
T81,D1365
T82,D1366
T4265,D1367
T84,D1368
T85,D1369
T86,D1370
T87,D1371
T88,D1372
T89,D1373
T90,D1374
T91,D1375
T92,D1376
T93,D1377
T3063,D1378
T94,D1379
T95,D1380
T96,D1381
T97,D1382
T98,D1383
T99,D1384
T3958,D1385
T101,D1386
T102,D1387
T103,D1388
T104,D1389
T106,D1390
T107,D1391
T108,D1392
T109,D1393
T110,D1394
T111,D1395
T112,D1396
T113,D1397
T114,D1398
T115,D1399
T116,D1400
T118,D1401
T117,D1402
T119,D1403
T120,D1404
T121,D1405
T122,D1406
T123,D1407
T124,D1408
T125,D1409
T126,D1410
T127,D1411
T128,D1412
T129,D1413
T130,D1414
T131,D1415
T133,D1416
T132,D1417
T134,D1418
T136,D1419
T137,D1420
T138,D1421
T139,D1422
T140,D1423
T141,D1424
T142,D1425
T143,D1426
T144,D1427
T147,D1428
T145,D1429
T146,D1430
T148,D1431
T149,D1432
T150,D1433
T151,D1434
T152,D1435
T153,D1436
T154,D1437
T155,D1438
T3960,D1439
T157,D1440
T158,D1441
T159,D1442
T160,D1443
T161,D1444
T162,D1445
T163,D1446
T165,D1447
T166,D1448
T3064,D1449
T167,D1450
T168,D1451
T169,D1452
T170,D1453
T171,D1454
T172,D1455
T173,D1456
T174,D1457
T175,D1458
T176,D1459
T177,D1460
T3966,D1461
T179,D1462
T180,D1463
T181,D1464
T182,D1465
T183,D1466
T184,D1467
T185,D1468
T186,D1469
T187,D1470
T193,D1471
T194,D1472
T188,D1473
T189,D1474
T190,D1475
T191,D1476
T192,D1477
T195,D1478
T196,D1479
T197,D1480
T198,D1481
T199,D1482
T3967,D1483
T201,D1484
T202,D1485
T2624,D1486
T203,D1487
T3065,D1488
T204,D1489
T205,D1490
T206,D1491
T207,D1492
T1812086,D1493
T209,D1494
T210,D1495
T211,D1496
T212,D1497
T213,D1498
T214,D1499
T215,D1500
T216,D1501
T3969,D1502
T218,D1503
T219,D1504
T220,D1505
T221,D1506
T222,D1507
T223,D1508
T224,D1509
T225,D1510
T226,D1511
T3066,D1512
T227,D1513
T228,D1513a
T229,D1514
T230,D1515
T231,D1516
T232,D1517
T233,D1518
T234,D1519
T242,D1520
T235,D1521
T236,D1522
T237,D1523
T2622,D1524
T3067,D1525
T3068,D1526
T3069,D1527
T3070,D1528
T238,D1529
T239,D1530
T240,D1531
T241,D1532
T244,D1533
T245,D1534
T246,D1535
T247,D1536
T4267,D1537
T249,D1538
T250,D1539
T251,D1540
T286,D1541
T3071,D1542
T3072,D1543
T252,D1544
T253,D1545
T254,D1546
T255,D1547
T256,D1548
T257,D1549
T258,D1550
T259,D1551
T260,D1552
T261,D1553
T262,D1554
T263,D1555
T264,D1556
T265,D1557
T3977,D1558
T267,D1559
T268,D1560
T269,D1561
T270,D1562
T271,D1563
T272,D1564
T273,D1565
T274,D1566
T275,D1567
T276,D1568
T277,D1569
T3978,D1570
T279,D1571
T3982,D1572
T281,D1573
T282,D1574
T283,D1575
T284,D1576
T285,D1577
T289,D1578
T3979,D1579
T291,D1580
T3980,D1581
T294,D1582
T295,D1583
T293,D1584
T296,D1585
T297,D1586
T298,D1587
T299,D1588
T300,D1589
T3976,D1590
T302,D1591
T303,D1592
T304,D1593
T4268,D1594
T306,D1595
T307,D1596
T3073,D1597
T3074,D1598
T3075,D1599
T3792,D1599a
T3076,D1600
T3077,D1601
T2680,D1602
T2681,D1603
T2679,D1604
T4334,D1605
T3060,D1606
T478,D1607
T479,D1608
T480,D1609
T481,D1610
T482,D1611
T483,D1612
T484,D1613
T485,D1614
T486,D1615
T487,D1616
T488,D1617
T489,D1618
T490,D1618a
T491,D1619
T492,D1620
T493,D1621
T494,D1622
T495,D1623
T496,D1624
T497,D1625
T498,D1626
T499,D1627
T500,D1628
T501,D1629
T502,D1630
T503,D1631
T504,D1632
T505,D1633
T506,D1634
T507,D1635
T508,D1636
T509,D1637
T510,D1638
T511,D1639
T512,D1640
T513,D1641
T514,D1642
T515,D1643
T516,D1644
T517,D1645
T518,D1646
T519,D1647
T4269,D1648
T521,D1649
T522,D1650
T523,D1651
T524,D1652
T525,D1653
T526,D1654
T527,D1655
T528,D1656
T529,D1657
T530,D1658
T531,D1659
T532,D1660
T533,D1661
T534,D1662
T535,D1663
T536,D1664
T538,D1665
T537,D1666
T539,D1667
T540,D1668
T541,D1669
T542,D1670
T543,D1671
T544,D1672
T545,D1673
T546,D1674
T547,D1675
T548,D1676
T549,D1677
T550,D1678
T551,D1679
T4008,D1680
T553,D1681
T554,D1682
T555,D1683
T556,D1684
T557,D1685
T558,D1686
T559,D1687
T560,D1688
T561,D1689
T563,D1690
T564,D1691
T565,D1692
T562,D1693
T566,D1694
T567,D1695
T3079,D1696
T568,D1697
T569,D1698
T570,D1699
T571,D1700
T572,D1701
T573,D1702
T574,D1703
T575,D1704
T576,D1705
T577,D1706
T578,D1707
T579,D1708
T580,D1709
T4249,D1709a
T581,D1710
T582,D1711
T583,D1712
T584,D1713
T585,D1714
T586,D1715
T587,D1716
T588,D1717
T589,D1718
T590,D1719
T591,D1720
T592,D1721
T593,D1722
T594,D1723
T595,D1724
T596,D1725
T597,D1726
T598,D1727
T3080,D1728
T599,D1729
T600,D1730
T601,D1731
T602,D1732
T603,D1733
T604,D1734
T605,D1735
T606,D1736
T608,D1737
T609,D1738
T610,D1739
T611,D1740
T612,D1741
T613,D1742
T614,D1743
T615,D1744
T616,D1745
T617,D1746
T618,D1747
T620,D1748
T621,D1749
T622,D1750
T623,D1751
T2897,D1752
T624,D1753
T625,D1754
T626,D1755
T3081,D1756
T3082,D1757
T627,D1758
T628,D1759
T629,D1760
T4019,D1761
T631,D1762
T632,D1763
T633,D1764
T634,D1765
T635,D1766
T636,D1767
T3083,D1768
T3084,D1769
T4335,D1770
T637,D1771
T638,D1772
T639,D1773
T640,D1774
T4284,D1775
T642,D1776
T643,D1777
T644,D1778
T4283,D1779
T646,D1780
T647,D1781
T2889,D1782
T2890,D1783
T648,D1784
T649,D1784a
T650,D1785
T651,D1786
T652,D1787
T653,D1788
T654,D1789
T655,D1790
T656,D1791
T657,D1792
T3085,D1793
T658,D1794
T659,D1795
T660,D1796
T661,D1797
T662,D1798
T663,D1799
T664,D1800
T665,D1801
T666,D1802
T667,D1803
T668,D1804
T669,D1805
T3981,D1806
T671,D1807
T672,D1808
T673,D1809
T674,D1810
T675,D1811
T676,D1812
T690,D1813
T4009,D1814
T678,D1815
T679,D1816
T680,D1817
T681,D1818
T682,D1819
T683,D1820
T4001,D1821
T685,D1822
T686,D1823
T687,D1824
T3970,D1825
T689,D1826
T691,D1827
T692,D1828
T693,D1829
T698,D1830
T699,D1831
T700,D1832
T701,D1833
T702,D1834
T703,D1835
T2790,D1836
T694,D1837
T695,D1838
T3086,D1839
T4250,D1839a
T696,D1840
T697,D1841
T704,D1842
T705,D1843
T706,D1844
T707,D1845
T708,D1846
T709,D1847
T710,D1848
T711,D1849
T712,D1850
T713,D1851
T714,D1852
T715,D1853
T716,D1854
T717,D1855
T718,D1856
T719,D1857
T720,D1858
T721,D1859
T722,D1860
T723,D1861
T724,D1862
T725,D1863
T726,D1864
T4022,D1865
T728,D1866
T729,D1867
T730,D1868
T731,D1869
T732,D1870
T733,D1871
T734,D1872
T735,D1873
T736,D1874
T737,D1875
T738,D1876
T739,D1877
T740,D1878
T741,D1879
T742,D1880
T744,D1881
T745,D1882
T746,D1883
T747,D1884
T748,D1885
T3968,D1886
T750,D1887
T751,D1888
T752,D1889
T753,D1890
T754,D1891
T755,D1892
T756,D1893
T757,D1894
T3993,D1895
T759,D1896
T760,D1897
T761,D1898
T762,D1899
T4285,D1900
T4266,D1901
T765,D1902
T766,D1903
T4025,D1904
T4026,D1905
T3087,D1906
T770,D1907
T769,D1908
T771,D1909
T772,D1910
T773,D1911
T774,D1912
T775,D1913
T776,D1914
T777,D1915
T778,D1916
T779,D1917
T780,D1918
T781,D1919
T782,D1920
T783,D1921
T784,D1922
T785,D1923
T786,D1924
T787,D1925
T788,D1926
T789,D1927
T790,D1928
T791,D1929
T4031,D1930
T793,D1931
T794,D1932
T795,D1933
T4037,D1934
T797,D1935
T798,D1935a
T799,D1935b
T4032,D1936
T801,D1937
T802,D1938
T803,D1939
T804,D1940
T805,D1941
T806,D1942
T807,D1943
T808,D1944
T809,D1945
T810,D1946
T811,D1947
T812,D1948
T813,D1949
T814,D1950
T815,D1951
T816,D1952
T817,D1953
T818,D1954
T3961,D1955
T3088,D1956
T2817,D1957
T820,D1958
T821,D1959
T822,D1960
T823,D1961
T824,D1962
T825,D1963
T826,D1964
T827,D1965
T828,D1966
T829,D1967
T830,D1968
T831,D1969
T833,D1970
T834,D1971
T835,D1972
T836,D1973
T3089,D1974
T837,D1975
T838,D1976
T839,D1977
T840,D1978
T3801,D1979
T841,D1980
T843,D1981
T842,D1982
T4024,D1983
T2808,D1984
T1108,D1985
T2803,D1986
T3090,D1987
T2823,D1988
T4336,D1989
T2824,D1990
T2825,D1991
T2826,D1992
T2818,D1993
T846,D1994
T847,D1995
T848,D1996
T849,D1997
T850,D1998
T4291,D1999
T852,D2000
T853,D2001
T854,D2002
T856,D2004
T857,D2005
T858,D2006
T859,D2007
T860,D2008
T861,D2008a
T862,D2009
T4292,D2010
T4293,D2011
T865,D2012
T867,D2013
T868,D2013a
T866,D2014
T869,D2015
T870,D2016
T873,D2017
T872,D2018
T874,D2019
T875,D2020
T876,D2021
T877,D2022
T878,D2023
T879,D2024
T880,D2025
T4043,D2026
T882,D2027
T883,D2028
T884,D2029
T885,D2030
T4044,D2031
T887,D2032
T888,D2033
T889,D2034
T890,D2035
T891,D2036
T892,D2037
T893,D2038
T894,D2039
T895,D2040
T896,D2041
T897,D2042
T898,D2043
T899,D2044
T900,D2045
T902,D2046
T903,D2047
T912,D2048
T913,D2049
T914,D2050
T915,D2051
T904,D2052
T905,D2053
T906,D2054
T907,D2055
T908,D2056
T909,D2057
T910,D2058
T911,D2059
T916,D2060
T917,D2061
T918,D2062
T919,D2063
T920,D2064
T921,D2065
T922,D2066
T923,D2067
T924,D2068
T925,D2069
T926,D2070
T927,D2071
T928,D2072
T929,D2073
T930,D2074
T931,D2075
T932,D2076
T933,D2077
T934,D2078
T935,D2079
T936,D2080
T937,D2081
T938,D2082
T939,D2083
T2809,D2084
T2810,D2085
T2811,D2086
T2819,D2087
T2820,D2088
T2821,D2089
T3091,D2090
T1363,D2091
T940,D2092
T941,D2093
T942,D2094
T943,D2095
T945,D2096
T946,D2097
T944,D2098
T949,D2099
T4282,D2100
T951,D2101
T952,D2102
T953,D2103
T954,D2104
T955,D2105
T956,D2106
T957,D2107
T958,D2108
T959,D2109
T960,D2110
T961,D2111
T962,D2112
T963,D2113
T4002,D2114
T4270,D2115
T966,D2116
T967,D2117
T968,D2118
T3971,D2119
T970,D2120
T971,D2121
T972,D2122
T973,D2123
T974,D2124
T4298,D2125
T976,D2126
T977,D2127
T978,D2128
T979,D2129
T980,D2130
T981,D2131
T982,D2132
T983,D2133
T984,D2134
T985,D2135
T986,D2136
T987,D2137
T988,D2138
T2837,D2139
T3092,D2140
T992,D2141
T994,D2142
T991,D2143
T993,D2144
T989,D2145
T990,D2146
T995,D2147
T996,D2148
T997,D2149
T998,D2150
T999,D2151
T1000,D2152
T1001,D2153
T1002,D2154
T1003,D2155
T1004,D2156
T1005,D2157
T1006,D2158
T1007,D2159
T1008,D2160
T4046,D2161
T1010,D2162
T1011,D2163
T1012,D2164
T1013,D2165
T1014,D2166
T1015,D2167
T3093,D2168
T1016,D2169
T4048,D2170
T4047,D2171
T1019,D2172
T1020,D2173
T1021,D2174
T1022,D2175
T3962,D2176
T217,D2177
T217-1,D2178
T217-2,D2179
T217-3,D2180
T217-4,D2181
T1025,D2182
T1026,D2183
T1027,D2184
T1028,D2185
T1029,D2186
T3095,D2187
T1030,D2188
T1031,D2189
T1032,D2190
T1033,D2191
T1035,D2192
T1036,D2193
T1037,D2194
T1038,D2195
T1039,D2196
T1040,D2197
T1041,D2198
T1042,D2199
T1043,D2200
T1044,D2201
T1045,D2202
T1046,D2203
T1047,D2204
T1048,D2205
T1049,D2206
T1050,D2207
T1051,D2208
T1052,D2209
T1053,D2210
T1055,D2211
T1056,D2212
T1054,D2213
T4050,D2214
T1058,D2215
T1059,D2216
T1060,D2217
T1061,D2218
T1062,D2219
T1063,D2220
T1064,D2221
T1065,D2222
T1066,D2223
T1067,D2224
T1068,D2225
T1069,D2226
T1070,D2227
T1071,D2228
T1072,D2229
T1073,D2230
T1074,D2231
T1075,D2232
T1076,D2233
T1077,D2234
T1078,D2235
T1079,D2236
T1080,D2237
T1081,D2237a
T1082,D2238
T1083,D2239
T1084,D2240
T1085,D2241
T1086,D2242
T1087,D2243
T1088,D2244
T1089,D2245
T1090,D2246
T1091,D2247
T1092,D2248
T1093,D2249
T1094,D2250
T1095,D2251
T1096,D2252
T1097,D2253
T1098,D2254
T1099,D2255
T1100,D2256
T1101,D2257
T1102,D2258
T1103,D2259
T1106,D2260
T1107,D2261
T1108,D2262
T1109,D2263
T1110,D2264
T1111,D2265
T1112,D2266
T1113,D2267
T1119,D2268
T1114,D2269
T1115,D2270
T1116,D2271
T1117,D2272
T1118,D2273
T1120,D2274
T1121,D2275
T1122,D2276
T1123,D2277
T1124,D2278
T1125,D2279
T1129,D2280
T1127,D2281
T1126,D2282
T1128,D2283
T1130,D2284
T1132,D2285
T1133,D2286
T1134,D2287
T1135,D2288
T4051,D2289
T4052,D2290
T4053,D2291
T1139,D2292
T1140,D2293
T1141,D2294
T1142,D2295
T1143,D2296
T1144,D2297
T1145,D2298
T1147,D2299
T1148,D2300
T4306,D2301
T1150,D2302
T1131,D2303
T3096,D2304
T2634,D2305
T1151,D2313
T1152,D2314
T1153,D2315
T1154,D2316
T1155,D2317
T1156,D2318
T1157,D2319
T1158,D2320
T1159,D2321
T1160,D2322
T1161,D2323
T4038,D2324
T1163,D2325
T1164,D2326
T1165,D2327
T3983,D2328
T1167,D2329
T2629,D2330
T3097,D2331
T3098,D2332
T2789,D2333
T2694,D2334
T2695,D2335
T3099,D2336
T3100,D2337
T2631,D2338
T3101,D2339
T3102,D2340
T1168,D2341
T1169,D2342
T1170,D2343
T1171,D2344
T1172,D2345
T1173,D2346
T1174,D2347
T1175,D2348
T1176,D2349
T1177,D2350
T1178,D2351
T1179,D2352
T1180,D2353
T1181,D2354
T4307,D2355
T1183,D2356
T1184,D2357
T1185,D2358
T1186,D2359
T4054,D2360
T1188,D2361
T1189,D2362
T4055,D2363
T4056,D2364
T1192,D2365
T1193,D2366
T1194,D2367
T1195,D2368
T1196,D2369
T1197,D2370
T1198,D2371
T1199,D2372
T1200,D2373
T1201,D2374
T1216,D2375
T1217,D2376
T1218,D2377
T4058,D2378
T1220,D2379
T1221,D2380
T1222,D2381
T1223,D2382
T1224,D2383
T1225,D2384
T1226,D2385
T1227,D2386
T1228,D2387
T1229,D2388
T1230,D2389
T1231,D2390
T1232,D2391
T1233,D2392
T1234,D2393
T1235,D2394
T1236,D2395
T1237,D2396
T1238,D2397
T1239,D2398
T1240,D2399
T1241,D2400
T1242,D2401
T1243,D2402
T1244,D2403
T1245,D2404
T1246,D2405
T1247,D2406
T1248,D2407
T1249,D2408
T1250,D2409
T1251,D2410
T1252,D2411
T1253,D2412
T1254,D2413
T1255,D2414
T1256,D2415
T1257,D2416
T1258,D2417
T1259,D2418
T1260,D2419
T1261,D2420
T1262,D2421
T1263,D2422
T1264,D2423
T1265,D2424
T1202,D2425
T1203,D2426
T1204,D2427
T1205,D2428
T1206,D2429
T1207,D2430
T1208,D2431
T1209,D2432
T1210,D2433
T1211,D2434
T1212,D2435
T1213,D2436
T4057,D2437
T1215,D2438
T1266,D2439
T1267,D2440
T1268,D2441
T1269,D2442
T1270,D2443
T1271,D2444
T1272,D2445
T1273,D2446
T1274,D2447
T1275,D2448
T1276,D2449
T1277,D2450
T1278,D2451
T1279,D2452
T1280,D2453
T1281,D2454
T1282,D2455
T1283,D2456
T1284,D2457
T1285,D2458
T1286,D2459
T1287,D2460
T1288,D2461
T1289,D2462
T1290,D2463
T1291,D2464
T1292,D2465
T1293,D2466
T1294,D2467
T1295,D2468
T1296,D2469
T1297,D2470
T1298,D2471
T1299,D2472
T3103,D2473
T4264,D2474
T3104,D2475
T1300,D2476
T1301,D2477
T1302,D2478
T1303,D2479
T1304,D2480
T1305,D2481
T1306,D2482
T1308,D2483
T1309,D2484
T1310,D2485
T1311,D2486
T1312,D2487
T1313,D2488
T4010,D2489
T1315,D2490
T3963,D2491
T3964,D2492
T3965,D2493
T1319,D2494
T1320,D2495
T1321,D2496
T3105,D2497
T3106,D2498
T3107,D2499
T1322,D2500
T1323,D2501
T1324,D2502
T1325,D2503
T1326,D2504
T1327,D2505
T1328,D2506
T1329,D2507
T1330,D2508
T1331,D2509
T1332,D2510
T1333,D2511
T1334,D2512
T1335,D2513
T1336,D2514
T1337,D2515
T1338,D2516
T1339,D2517
T1340,D2518
T1341,D2519
T1342,D2520
T3997,D2521
T3999,D2522
T4027,D2523
T1345,D2524
T3972,D2525
T1348,D2526
T3108,D2527
T1350,D2528
T1351,D2529
T1352,D2530
T1353,D2531
T1354,D2532
T1355,D2533
T1356,D2534
T1357,D2535
T1358,D2536
T1359,D2537
T1360,D2538
T1361,D2539
T2830,D2540
T1365,D2541
T4061,D2542
T1366,D2543
T1367,D2544
T1368,D2544a
T4308,D2544b
T4309,D2545
T4310,D2545a
T4062,D2546
T4063,D2547
T1374,D2548
T1375,D2549
T1376,D2550
T1377,D2551
T1378,D2552
T1379,D2553
T1380,D2554
T1381,D2555
T1382,D2556
T1383,D2557
T1384,D2558
T1385,D2559
T1386,D2560
T1387,D2561
T1388,D2562
T1389,D2563
T1390,D2564
T1391,D2565
T1392,D2566
T1393,D2567
T1394,D2568
T1395,D2569
T1396,D2570
T1397,D2571
T1398,D2572
T1399,D2573
T1400,D2574
T1401,D2575
T1402,D2576
T1403,D2577
T1404,D2578
T4294,D2579
T1406,D2580
T1407,D2581
T1408,D2582
T1409,D2583
T1410,D2584
T1411,D2585
T3998,D2586
T1413,D2587
T1414,D2588
T1415,D2589
T1416,D2590
T1417,D2591
T1418,D2592
T1419,D2593
T1420,D2594
T4064,D2595
T1422,D2596
T1423,D2597
T1425,D2598
T4295,D2599
T4296,D2600
T1427,D2601
T1428,D2602
T1429,D2603
T1430,D2604
T1431,D2605
T4066,D2606
T1433,D2607
T1434,D2608
T1435,D2609
T4003,D2610
T1437,D2611
T1438,D2612
T1439,D2613
T1440,D2614
T1441,D2615
T1442,D2616
T1443,D2617
T1444,D2618
T4297,D2619
T4065,D2620
T1447,D2621
T4004,D2622
T1449,D2623
T1450,D2624
T1451,D2625
T3110,D2626
T1453,D2627
T1454,D2628
T1455,D2629
T1456,D2630
T1457,D2631
T1458,D2632
T3111,D2633
T3112,D2634
T1459,D2635
T1460,D2636
T1461,D2637
T3113,D2638
T1462,D2639
T1463,D2640
T1464,D2641
T1465,D2642
T1466,D2643
T1467,D2644
T1468,D2645
T1469,D2646
T1470,D2647
T1471,D2648
T4070,D2649
T1473,D2650
T1474,D2651
T1475,D2652
T1476,D2653
T1477,D2654
T1478,D2655
T1479,D2656
T1480,D2657
T1481,D2658
T3973,D2659
T2242,D2660
T2753,D2661
T1485,D2662
T1486,D2663
T1489,D2663a
T1487,D2664
T1488,D2665
T1490,D2666
T1491,D2667
T1492,D2668
T1493,D2669
T1494,D2670
T1495,D2671
T1496,D2672
T1497,D2673
T1498,D2674
T1499,D2675
T1500,D2676
T3114,D2677
T1501,D2678
T1502,D2679
T1503,D2680
T1504,D2681
T1505,D2682
T1506,D2682a
T1507,D2683
T1757,D2684
T1508,D2685
T1509,D2686
T1510,D2687
T1511,D2688
T1512,D2689
T1513,D2690
T1514,D2691
T1515,D2692
T1516,D2693
T1517,D2694
T1518,D2695
T1519,D2696
T1520,D2697
T1521,D2698
T1522,D2699
T1523,D2700
T1524,D2701
T1526,D2702
T2831,D2703
T1527,D2704
T1528,D2705
T1529,D2706
T1530,D2707
T1531,D2708
T1532,D2709
T1533,D2710
T1534,D2711
T1535,D2712
T1536,D2713
T1537,D2714
T4073,D2715
T3115,D2716
T1538,D2717
T2833,D2718
T1539,D2719
T1540,D2720
T1542,D2721
T1541,D2722
T1543,D2723
T3116,D2724
T4077,D2725
T1545,D2726
T2842,D2727
T1546,D2728
T1548,D2729
T1549,D2730
T1550,D2731
T1547,D2732
T1551,D2733
T4337,D2733a
T1552,D2734
T4078,D2735
T1558,D2735a
T1554,D2736
T1555,D2736a
T1556,D2737
T4079,D2738
T4080,D2739
T3117,D2740
T1561,D2741
T1562,D2742
T1563,D2743
T1564,D2744
T1565,D2745
T1566,D2746
T1567,D2747
T1568,D2748
T1569,D2749
T1570,D2750
T1571,D2751
T1572,D2752
T1573,D2753
T1574,D2754
T1575,D2755
T1576,D2756
T1577,D2757
T1578,D2758
T1579,D2759
T1580,D2760
T1581,D2761
T1582,D2762
T1583,D2763
T1584,D2764
T1585,D2765
T1586,D2766
T1587,D2767
T1588,D2768
T1589,D2769
T1590,D2770
T1591,D2771
T1592,D2772
T1593,D2773
T1594,D2774
T1595,D2775
T1596,D2776
T1597,D2777
T1598,D2778
T1599,D2779
T1600,D2780
T1601,D2781
T1602,D2782
T1603,D2783
T1604,D2784
T1605,D2785
T1606,D2786
T1607,D2787
T1608,D2788
T1609,D2789
T1610,D2790
T1611,D2791
T1612,D2792
T1613,D2793
T1614,D2794
T1615,D2795
T1616,D2796
T1617,D2797
T1618,D2798
T1619,D2799
T1620,D2800
T1621,D2801
T1622,D2802
T1623,D2803
T1624,D2804
T1625,D2805
T1626,D2806
T1627,D2807
T1628,D2808
T1629,D2809
T1630,D2810
T1631,D2811
T1632,D2812
T1633,D2813
T1634,D2814
T1635,D2815
T1636,D2816
T1637,D2817
T1638,D2818
T1639,D2819
T1640,D2820
T1641,D2821
T1642,D2822
T1643,D2823
T1644,D2824
T1645,D2825
T3118,D2826
T1647,D2827
T4060,D2828
T1649,D2829
T1650,D2830
T1651,D2831
T1652,D2832
T1653,D2833
T1654,D2834
T1655,D2835
T1656,D2836
T1657,D2837
T1658,D2838
T1659,D2839
T1660,D2840
T1661,D2841
T1662,D2842
T1663,D2843
T3974,D2844
T1665,D2845
T1666,D2846
T4028,D2847
T1668,D2848
T1669,D2849
T3948,D2850
T1671,D2851
T1672,D2852
T1673,D2853
T1674,D2854
T1675,D2855
T1676,D2856
T1677,D2857
T1678,D2858
T1679,D2859
T1680,D2860
T1681,D2861
T1682,D2862
T1683,D2863
T1684,D2864
T1686,D2865
T1687,D2866
T1688,D2867
T1689,D2868
T1690,D2869
T1691,D2870
T1692,D2871
T1694,D2872
T1695,D2873
T4045,D2874
T1697,D2875
T1698,D2876
T1699,D2877
T1700,D2878
T1701,D2879
T1702,D2880
T1703,D2880a
T1704,D2881
T1705,D2882
T1706,D2883
T4311,D2884
T1708,D2885
T1709,D2886
T1710,D2887
T1711,D2888
T1712,D2889
T1714,D2890
T4049,D2891
T1717,D2892
T1718,D2893
T4312,D2894
T1720,D2895
T1721,D2896
T1722,D2896a
T1723,D2897
T1724,D2898
T1725,D2899
T1726,D2900
T1727,D2901
T1728,D2902
T1729,D2903
T1730,D2904
T3114,D2905
T1731,D2906
T1732,D2907
T1733,D2908
T1734,D2909
T1735,D2910
T1736,D2911
T1737,D2912
T1738,D2913
T1739,D2914
T1740,D2915
T1741,D2916
T1742,D2917
T4007,D2918
T1744,D2919
T1745,D2920
T1746,D2921
T1747,D2922
T3120,D2923
T1748,D2924
T1749,D2925
T1750,D2926
T1751,D2927
T1753,D2928
T1754,D2929
T1755,D2930
T4072,D2931
T1758,D2932
T1759,D2933
T1760,D2934
T3975,D2935
T1762,D2936
T1763,D2937
T1752,D2938
T1765,D2939
T2882,D2940
T2883,D2941
T4313,D2942
T1767,D2943
T1768,D2944
T1769,D2945
T1770,D2946
T1771,D2947
T1772,D2948
T1773,D2949
T1774,D2950
T1775,D2951
T1776,D2952
T1777,D2953
T1778,D2954
T1779,D2955
T1780,D2956
T1781,D2957
T1782,D2958
T1783,D2959
T1784,D2960
T1785,D2961
T1786,D2962
T1787,D2963
T1788,D2964
T1789,D2965
T1790,D2966
T1791,D2967
T1792,D2968
T1793,D2969
T1794,D2970
T1795,D2971
T1796,D2972
T1797,D2973
T1798,D2974
T1799,D2975
T1800,D2976
T1801,D2977
T1802,D2978
T1803,D2979
T1804,D2980
T1805,D2981
T1806,D2982
T1807,D2983
T1808,D2984
T1809,D2985
T1810,D2986
T1811,D2987
T1812,D2988
T1813,D2989
T1814,D2990
T1815,D2991
T1816,D2992
T1817,D2993
T1818,D2994
T1819,D2995
T1820,D2996
T1821,D2997
T1822,D2998
T1823,D2999
T1824,D3000
T1825,D3001
T1826,D3002
T3121,D3003
T1827,D3004
T1828,D3005
T1829,D3006
T1830,D3007
T1831,D3008
T1832,D3009
T1833,D3010
T1834,D3011
T1835,D3012
T1836,D3013
T1837,D3014
T1838,D3015
T1839,D3016
T1840,D3017
T1841,D3018
T1842,D3019
T1843,D3020
T1844,D3021
T1845,D3022
T1846,D3023
T1847,D3024
T1848,D3025
T1849,D3026
T1850,D3027
T1851,D3028
T1852,D3029
T1853,D3030
T1854,D3031
T1855,D3032
T1856,D3033
T1857,D3034
T1858,D3035
T1859,D3036
T1860,D3037
T1861,D3038
T1862,D3039
T1863,D3040
T1864,D3041
T1865,D3042
T1866,D3043
T1867,D3044
T1868,D3045
T1869,D3046
T1870,D3047
T1871,D3048
T1872,D3049
T1873,D3050
T1874,D3051
T1875,D3052
T4299,D3053
T4300,D3054
T4301,D3055
T4302,D3056
T1880,D3057
T1881,D3058
T1882,D3059
T1883,D3060
T4314,D3061
T1885,D3062
T1886,D3063
T1887,D3064
T1888,D3065
T1889,D3066
T1890,D3067
T3122,D3068
T1891,D3069
T1892,D3070
T1893,D3071
T1894,D3072
T3124,D3073
T1898,D3074
T4225,D3075
T3125,D3076
T4315,D3076a
T1895,D3077
T1896,D3078
T1897,D3079
T4316,D3080
T1899,D3081
T4317,D3082
T1902,D3083
T1903,D3084
T1904,D3085
T4081,D3086
T1906,D3087
T1907,D3088
T1908,D3089
T1909,D3090
T1910,D3091
T1911,D3092
T1912,D3093
T1913,D3094
T4005,D3095
T1916,D3096
T1917,D3097
T1918,D3098
T1919,D3099
T1920,D3100
T1921,D3101
T1922,D3102
T1923,D3103
T1924,D3104
T1925,D3105
T1931,D3106
T1932,D3107
T1926,D3108
T1927,D3109
T1928,D3110
T1929,D3111
T1930,D3112
T4029,D3113
T1934,D3114
T1935,D3115
T1936,D3116
T1937,D3117
T1938,D3118
T1939,D3119
T1940,D3120
T1941,D3121
T1942,D3122
T1943,D3123
T1944,D3124
T1945,D3125
T1946,D3126
T1947,D3127
T1948,D3128
T1949,D3129
T1950,D3130
T1951,D3131
T1952,D3132
T1953,D3133
T1954,D3134
T1955,D3135
T1956,D3136
T1957,D3137
T1958,D3138
T4030,D3139
T1960,D3140
T1961,D3141
T1962,D3142
T1963,D3143
T1964,D3144
T1965,D3145
T1966,D3146
T1967,D3147
T1968,D3148
T4094,D3149
T1970,D3150
T4097,D3151
T1972,D3152
T1973,D3153
T4099,D3154
T4082,D3155
T1976,D3156
T4083,D3157
T1978,D3158
T4100,D3159
T1980,D3160
T1981,D3161
T1982,D3162
T4104,D3163
T1984,D3164
T1985,D3165
T1986,D3166
T1987,D3167
T1988,D3168
T1989,D3169
T1990,D3170
T4106,D3171
T1992,D3172
T4107,D3173
T1994,D3174
T1995,D3175
T1996,D3176
T1997,D3177
T1998,D3178
T4108,D3179
T4109,D3180
T2001,D3181
T2002,D3182
T2003,D3183
T2004,D3184
T4117,D3185
T2006,D3186
T4112,D3187
T4113,D3188
T4114,D3189
T2010,D3190
T2011,D3191
T2012,D3192
T4011,D3193
T4012,D3194
T4013,D3195
T4014,D3196
T4256,D3197
T4257,D3198
T4274,D3199
T4318,D3200
T4015,D3201
T4016,D3202
T2023,D3203
T4322,D3204
T4323,D3205
T2026,D3206
T2027,D3207
T2028,D3208
T2029,D3209
T2030,D3210
T4319,D3211
T4121,D3212
T4122,D3213
T4123,D3214
T4124,D3215
T4125,D3216
T4126,D3217
T4127,D3218
T2039,D3219
T4131,D3220
T4132,D3221
T4133,D3222
T2043,D3223
T2044,D3224
T2045,D3225
T2046,D3226
T4146,D3227
T2048,D3228
T4147,D3229
T4148,D3230
T2051,D3231
T4149,D3232
T4150,D3233
T2054,D3234
T4320,D3235
T2056,D3236
T2057,D3237
T4155,D3238
T4156,D3239
T2060,D3240
T2061,D3241
T4160,D3242
T2063,D3243
T4161,D3244
T2065,D3245
T2066,D3245a
T2067,D3245b
T2068,D3246
T4277,D3247
T2070,D3248
T2071,D3249
T2072,D3250
T2073,D3251
T2074,D3252
T2075,D3253
T2076,D3254
T4091,D3255
T2078,D3256
T2079,D3257
T2080,D3258
T4167,D3259
T2082,D3260
T2083,D3261
T2084,D3262
T2085,D3263
T2086,D3264
T4178,D3265
T2088,D3266
T2089,D3267
T4182,D3268
T4183,D3269
T2092,D3270
T2093,D3271
T4186,D3272
T2095,D3273
T2096,D3274
T4321,D3275
T2098,D3276
T4303,D3277
T2100,D3278
T2101,D3279
T2102,D3280
T2103,D3281
T4033,D3282
T4034,D3283
T4035,D3284
T2107,D3285
T2108,D3286
T2109,D3287
T4006,D3288
T2111,D3289
T2112,D3290
T2113,D3291
T2114,D3292
T4251,D3293
T4252,D3294
T3984,D3295
T2430,D3296
T3985,D3297
T2119,D3298
T3986,D3299
T2121,D3300
T266,D3301
T2123,D3302
T2124,D3303
T2125,D3304
T3011,D3305
T2126,D3306
T2127,D3307
T2128,D3308
T2129,D3309
T2130,D3310
T4074,D3311
T4067,D3312
T2133,D3313
T2134,D3314
T2135,D3315
T2136,D3316
T2137,D3317
T2138,D3318
T2139,D3319
T2140,D3320
T2141,D3321
T2142,D3322
T2143,D3323
T2144,D3324
T4036,D3325
T4286,D3326
T4287,D3327
T2148,D3328
T2149,D3329
T2150,D3330
T2151,D3331
T2152,D3332
T2153,D3333
T2154,D3334
T4101,D3335
T4017,D3336
T4324,D3337
T2158,D3338
T4325,D3339
T2160,D3340
T2161,D3341
T2162,D3342
T2163,D3343
T4198,D3344
T2165,D3345
T2166,D3346
T2167,D3347
T2168,D3348
T2169,D3349
T2170,D3350
T4179,D3351
T4134,D3352
T4135,D3353
T4136,D3354
T4137,D3355
T2176,D3356
T2177,D3357
T4174,D3358
T2179,D3359
T3994,D3360
T2181,D3361
T2182,D3362
T2183,D3363
T2184,D3364
T3955,D3365
T2186,D3366
T2187,D3367
T2188,D3368
T4201,D3369
T2190,D3370
T2191,D3371
T2192,D3372
T2193,D3373
T4258,D3374
T2195,D3375
T4169,D3376
T4164,D3377
T4087,D3378
T4089,D3379
T2200,D3380
T2201,D3381
T2202,D3382
T4172,D3383
T2204,D3384
T2205,D3385
T2206,D3386
T2207,D3387
T4193,D3388
T2209,D3389
T2210,D3390
T2211,D3391
T2212,D3392
T4253,D3393
T2214,D3394
T2215,D3395
T3987,D3396
T2217,D3397
T4326,D3398
T2219,D3399
T2220,D3400
T2221,D3401
T2126,D3402
T4095,D3403
T4096,D3404
T2225,D3405
T2226,D3406
T2227,D3407
T4098,D3408
T2229,D3409
T4197,D3410
T2231,D3411
T2232,D3412
T2233,D3413
T4084,D3414
T4203,D3415
T3949,D3416
T4085,D3417
T2238,D3418
T2239,D3419
T2240,D3420
T4196,D3421
T4204,D3422
T4102,D3423
T4103,D3424
T2245,D3425
T4205,D3426
T2247,D3427
T4206,D3428
T2249,D3429
T2250,D3430
T2251,D3431
T2252,D3432
T2253,D3433
T2254,D3434
T2255,D3435
T2256,D3436
T2257,D3437
T4105,D3438
T2259,D3439
T4068,D3440
T2261,D3441
T2262,D3442
T2263,D3443
T2264,D3444
T2265,D3445
T4207,D3446
T2267,D3447
T4208,D3448
T4075,D3449
T4195,D3450
T2271,D3451
T2272,D3452
T2273,D3453
T2274,D3454
T2275,D3455
T2276,D3456
T2277,D3457
T4209,D3458
T4076,D3459
T4110,D3460
T4118,D3461
T4111,D3462
T2283,D3463
T4115,D3464
T2285,D3465
T4119,D3466
T2287,D3467
T2288,D3468
T4116,D3469
T2290,D3470
T2292,D3471
T2293,D3472
T2294,D3473
T2295,D3474
T2296,D3475
T2297,D3476
T2298,D3477
T2299,D3478
T4175,D3479
T4176,D3480
T4177,D3481
T2303,D3482
T2304,D3483
T2305,D3484
T2306,D3485
T4259,D3486
T4260,D3487
T4261,D3488
T4262,D3489
T4263,D3490
T4018,D3491
T2313,D3492
T2314,D3493
T2315,D3494
T2316,D3495
T2317,D3496
T4327,D3497
T2319,D3498
T2320,D3499
T4120,D3500
T2322,D3501
T2323,D3502
T2324,D3503
T2325,D3504
T2326,D3505
T2327,D3506
T2328,D3507
T3950,D3508
T4200,D3509
T3951,D3510
T2332,D3511
T2333,D3512
T2334,D3513
T4278,D3514
T4279,D3515
T2337,D3516
T4280,D3517
T4281,D3518
T2340,D3519
T4210,D3520
T4211,D3521
T2343,D3522
T2344,D3523
T4153,D3524
T2346,D3525
T2347,D3526
T2348,D3527
T2349,D3528
T4213,D3529
T2351,D3530
T4212,D3531
T4154,D3532
T4151,D3533
T2355,D3534
T4152,D3535
T2357,D3536
T2358,D3537
T2359,D3538
T3995,D3539
T2362,D3540
T2363,D3541
T2361,D3542
T4216,D3543
T2365,D3544
T4214,D3545
T4215,D3546
T2368,D3547
T4138,D3548
T4202,D3549
T4139,D3550
T2372,D3551
T2373,D3552
T4140,D3553
T4141,D3554
T2376,D3555
T4142,D3556
T4143,D3557
T4144,D3558
T4162,D3559
T4163,D3560
T2382,D3561
T2383,D3562
T2384,D3563
T2385,D3564
T2386,D3565
T2387,D3566
T4217,D3567
T2389,D3568
T2390,D3569
T2391,D3570
T2392,D3571
T2393,D3572
T4128,D3573
T2395,D3574
T2396,D3575
T4129,D3576
T4130,D3577
T2399,D3578
T2400,D3579
T4165,D3580
T2402,D3581
T2403,D3582
T4170,D3583
T4171,D3584
T4086,D3585
T4088,D3586
T2408,D3587
T4090,D3588
T4092,D3589
T2411,D3590
T2412,D3591
T2413,D3592
T4168,D3593
T2415,D3594
T4218,D3595
T4093,D3596
T2418,D3597
T4219,D3598
T2420,D3599
T4173,D3600
T2422,D3601
T4166,D3602
T2424,D3603
T4157,D3604
T4158,D3605
T4159,D3606
T3988,D3607
T2429,D3608
T4220,D3609
T2431,D3610
T4180,D3611
T4181,D3612
T2434,D3613
T4184,D3614
T4185,D3615
T2437,D3616
T2438,D3617
T2439,D3618
T2440,D3619
T2441,D3620
T4304,D3621
T2443,D3622
T2444,D3623
T2445,D3624
T2446,D3625
T4187,D3626
T4188,D3627
T4288,D3628
T4289,D3629
T4290,D3630
T4189,D3631
T4190,D3632
T4191,D3633
T4192,D3634
T4194,D3635
T2457,D3636
T3952,D3637
T2459,D3638
T2460,D3639
T4254,D3640
T2462,D3641
T2463,D3642
T2464,D3643
T4021,D3644
T2466,D3645
T4071,D3646
T2469,D3647
T4330,D3648
T2468,D3649
T2471,D3650
T2472,D3651
T2473,D3652
T2474,D3653
T2475,D3654
T2476,D3655
T2477,D3656
T2478,D3657
T2479,D3658
T4199,D3659
T4329,D3660
T4221,D3661
T2481,D3661a
T2484,D3662
T2485,D3663
T2486,D3664
T2487,D3665
T3126,D3666
T2488,D3667
T2489,D3668
T2490,D3669
T2491,D3670
T2492,D3671
T2493,D3672
T4328,D3673
T2495,D3674
T2496,D3675
T2497,D3676
T2498,D3677
T2499,D3678
T2500,D3679
T2501,D3680
T2502,D3681
T2503,D3682
T4275,D3683
T2506,D3684
T2507,D3685
T2508,D3686
T2509,D3687
T4271,D3688
T4276,D3689
T2512,D3690
T2513,D3691
T2514,D3692
T4272,D3693
T4273,D3694
T2517,D3695
T2518,D3696
T4145,D3697
T2520,D3698
T2521,D3699
T2522,D3700
T2523,D3701
T2524,D3702
T2526,D3703
T2884,D3704
T2527,D3705
T2528,D3706
T2529,D3707
T2530,D3708
T2531,D3709
T2532,D3710
T2533,D3711
T2534,D3712
T2535,D3713
T2536,D3714
T2537,D3715
T2538,D3716
T2539,D3717
T2540,D3718
T2541,D3719
T2542,D3720
T2543,D3721
T3012,D3722
T2544,D3723
T2545,D3724
T2546,D3725
T2547,D3726
T2548,D3727
T2549,D3728
T2550,D3729
T2551,D3730
T2552,D3731
T2553,D3732
T2554,D3733
T2555,D3734
T2556,D3735
T2557,D3736
T2558,D3737
T2559,D3738
T2560,D3739
T2561,D3740
T2562,D3741
T2563,D3742
T2564,D3743
T2566,D3744
T2567,D3745
T2568,D3746
T2569,D3747
T2565,D3748
T4331,D3749
T2571,D3750
T2572,D3751
T2573,D3752
T3127,D3753
T2574,D3754
T2575,D3755
T2576,D3756
T3128,D3757
T2577,D3758
T2578,D3759
T4039,D3760
T2580,D3761
T3129,D3762
T4040,D3763
T4041,D3764
T2583,D3765
T2584,D3766
T4042,D3767
T2586,D3768
T2587,D3769
T2588,D3770
T3130,D3771
T2589,D3772
T2590,D3773
T2591,D3774
T2592,D3775
T2593,D3776
T2594,D3777
T2595,D3778
T2596,D3779
T2597,D3780
T2598,D3781
T2599,D3782
T2600,D3783
T2601,D3784
T2602,D3785
T3131,D3786
T3132,D3787
T3133,D3788
T3134,D3789
T3135,D3790
T3136,D3791
T3137,D3792
T3138,D3793
T3139,D3794
T3140,D3795
T3141,D3796
T3142,D3797
T3143,D3798
T3144,D3799
T3145,D3800
T3146,D3801
T3147,D3802
T3148,D3803
T3149,D3804
T3150,D3805
T3151,D3806
T3152,D3807
T3153,D3808
T3154,D3809
T3155,D3810
T3156,D3811
T3157,D3812
T3158,D3813
T3159,D3814
T3160,D3815
T3161,D3816
T3162,D3817
T3163,D3818
T3164,D3819
T3165,D3820
T3166,D3821
T3167,D3822
T3168,D3823
T3169,D3824
T3170,D3825
T3171,D3826
T3172,D3827
T3173,D3828
T3174,D3829
T3175,D3830
T3176,D3831
T3177,D3832
T4305,D3833
T3179,D3834
T3180,D3835
T3181,D3836
T4226,D3837
T3183,D3838
T3184,D3839
T3185,D3840
T3186,D3841
T3187,D3842
T3188,D3843
T3189,D3844
T3190,D3845
T3191,D3846
T3192,D3847
T3193,D3848
T3194,D3849
T3195,D3850
T3196,D3851
T3197,D3852
T3198,D3853
T3199,D3854
T3200,D3855
T3201,D3856
T3202,D3857
T3203,D3858
T3204,D3859
T3205,D3860
T3206,D3861
T3207,D3862
T3208,D3863
T3209,D3864
T3210,D3865
T3211,D3866
T3212,D3867
T3213,D3868
T3214,D3869
T3215,D3870
T3216,D3871
T3217,D3872
T3218,D3873
T3219,D3874
T3220,D3875
T3906,D3875a
T3221,D3876
T3222,D3877
T3223,D3878
T3224,D3879
T3225,D3880
T3226,D3881
T3227,D3882
T3228,D3883
T3229,D3884
T3230,D3885
T3231,D3886
T3232,D3887
T3233,D3888
T3234,D3889
T3235,D3890
T3236,D3891
T3237,D3892
T3238,D3893
T3239,D3894
T3240,D3895
T3241,D3896
T3242,D3897
T3243,D3898
T3244,D3899
T3245,D3900
T3246,D3901
T3247,D3902
T3248,D3903
T3249,D3904
T3250,D3905
T3251,D3906
T3252,D3907
T3253,D3908
T3254,D3909
T3255,D3910
T3256,D3911
T3257,D3912
T4069,D3913
T3259,D3914
T4228,D3915
T4229,D3916
T4230,D3917
T3260,D3918
T3261,D3919
T3262,D3920
T3263,D3921
T3264,D3922
T3265,D3923
T4059,D3924
T3266,D3925
T3267,D3926
T3268,D3927
T3269,D3928
T3270,D3929
T3271,D3930
T3272,D3931
T3273,D3932
T3274,D3933
T3275,D3934
T3276,D3935
T3277,D3936
T3278,D3937
T3279,D3938
T3280,D3939
T3281,D3940
T3282,D3941
T3283,D3942
T3284,D3943
T3285,D3944
T3286,D3945
T3287,D3946
T3288,D3947
T3289,D3948
T3290,D3949
T3291,D3950
T3292,D3951
T3293,D3952
T3294,D3953
T3295,D3954
T3296,D3955
T3297,D3956
T3298,D3957
T3299,D3958
T3300,D3959
T4023,D3960
T3302,D3961
T3303,D3962
T3304,D3963
T3305,D3964
T3306,D3965
T3307,D3966
T3308,D3967
T3309,D3968
T3310,D3969
T3311,D3970
T3312,D3971
T3313,D3972
T3314,D3973
T4232,D3974
T3315,D3975
T3316,D3976
T3317,D3977
T3318,D3978
T3319,D3979
T3320,D3980
T3321,D3981
T3322,D3982
T3323,D3983
T3324,D3984
T3325,D3985
T3326,D3986
T3327,D3987
T3328,D3988
T3329,D3989
T3330,D3990
T3922,D3990a
T3331,D3991
T3332,D3992
T3333,D3993
T3334,D3994
T3335,D3995
T3336,D3996
T3337,D3997
T3338,D3998
T3339,D3999
T3340,D4000
T3341,D4001
T3342,D4002
T3343,D4003
T3344,D4004
T3345,D4005
T3346,D4006
T3347,D4007
T3348,D4008
T3349,D4009
T3350,D4010
T3351,D4011
T3352,D4012
T3353,D4013
T4233,D4014
T3354,D4015
T3355,D4016
T3356,D4017
T3357,D4018
T3358,D4019
T3359,D4020
T3360,D4021
T3361,D4022
T3362,D4023
T3363,D4024
T3364,D4025
T3365,D4026
T3366,D4027
T3367,D4028
T3368,D4029
T3369,D4030
T3370,D4031
T3371,D4032
T3372,D4033
T3373,D4034
T3374,D4035
T3375,D4036
T3376,D4037
T3377,D4038
T3378,D4039
T3379,D4040
T3380,D4041
T3381,D4042
T3382,D4043
T3383,D4044
T3384,D4045
T3385,D4046
T3386,D4047
T3387,D4048
T3388,D4049
T3389,D4050
T3390,D4051
T3391,D4052
T3392,D4053
T3393,D4054
T3394,D4055
T3395,D4056
T3396,D4057
T3397,D4058
T4227,D4059
T3398,D4060
T3399,D4061
T3400,D4062
T3401,D4063
T3402,D4064
T3403,D4065
T3404,D4066
T3405,D4067
T3406,D4068
T3407,D4069
T3408,D4070
T3409,D4071
T3410,D4072
T3411,D4073
T3412,D4074
T3413,D4075
T3414,D4076
T3415,D4077
T4234,D4078
T4231,D4079
T3418,D4080
T3419,D4081
T3420,D4082
T3421,D4083
T3422,D4084
T3423,D4085
T3424,D4086
T3425,D4087
T3426,D4088
T3427,D4089
T3428,D4090
T3429,D4091
T3430,D4092
T3431,D4093
T3432,D4094
T3433,D4095
T4235,D4096
T3435,D4097
T3436,D4098
T3437,D4099
T3438,D4100
T3439,D4101
T3440,D4102
T3441,D4103
T3442,D4104
T3443,D4105
T3444,D4106
T3445,D4107
T3446,D4108
T3447,D4109
T3448,D4110
T3449,D4111
T3450,D4112
T3451,D4113
T3452,D4114
T3453,D4115
T3454,D4116
T3455,D4117
T3456,D4118
T3457,D4119
T3458,D4120
T3459,D4121
T3460,D4122
T3461,D4123
T3462,D4124
T3463,D4125
T3464,D4126
T4236,D4127
T3466,D4128
T3467,D4129
T3468,D4130
T3469,D4131
T3470,D4132
T3471,D4133
T3472,D4134
T3473,D4135
T3474,D4136
T3475,D4137
T3476,D4138
T3477,D4139
T3478,D4140
T3479,D4141
T3480,D4142
T3481,D4143
T3482,D4144
T3483,D4145
T3484,D4146
T3485,D4147
T3486,D4148
T3487,D4149
T3488,D4150
T3489,D4151
T3490,D4152
T3491,D4153
T3492,D4154
T3493,D4155
T3494,D4156
T3495,D4157
T3496,D4158
T3497,D4159
T3498,D4160
T3499,D4161
T3500,D4162
T3501,D4163
T3502,D4164
T3503,D4165
T3504,D4166
T3505,D4167
T3506,D4168
T3507,D4169
T3508,D4170
T3509,D4171
T3510,D4172
T3511,D4173
T3512,D4174
T3513,D4175
T3514,D4176
T3515,D4177
T4332,D4178
T3517,D4179
T3518,D4180
T3519,D4181
T3520,D4182
T3521,D4183
T3522,D4184
T3523,D4185
T3524,D4186
T3525,D4187
T3526,D4188
T3527,D4189
T3528,D4190
T3529,D4191
T3530,D4192
T3531,D4193
T3532,D4194
T3533,D4195
T3534,D4196
T3535,D4197
T3017,D4198
T3536,D4199
T3537,D4200
T3538,D4201
T3539,D4202
T3540,D4203
T3541,D4204
T3542,D4205
T3543,D4206
T3544,D4207
T3545,D4208
T3546,D4209
T3547,D4210
T3548,D4211
T3549,D4212
T3550,D4213
T3551,D4214
T3552,D4215
T3553,D4216
T3554,D4217
T3555,D4218
T3556,D4219
T3557,D4220
T3558,D4221
T3559,D4222
T4238,D4223
T4237,D4224
T3562,D4225
T3563,D4226
T3564,D4227
T3565,D4228
T4239,D4229
T3566,D4230
T4240,D4231
T3568,D4232
T3569,D4233
T3570,D4234
T3571,D4235
T3572,D4236
T3573,D4237
T3574,D4238
T3575,D4239
T3576,D4240
T3577,D4241
T3578,D4242
T3579,D4243
T3580,D4244
T3581,D4245
T3582,D4246
T3583,D4247
T3584,D4248
T4241,D4249
T3585,D4250
T3586,D4251
T3587,D4252
T3588,D4253
T3589,D4254
T3590,D4255
T3591,D4256
T3592,D4257
T3593,D4258
T3594,D4259
T3595,D4260
T3596,D4261
T3597,D4262
T3598,D4263
T3599,D4264
T3600,D4265
T3601,D4266
T3602,D4267
T3603,D4268
T3604,D4269
T3605,D4270
T3606,D4271
T3607,D4272
T3608,D4273
T3609,D4274
T3610,D4275
T3611,D4276
T3612,D4277
T3613,D4278
T3614,D4279
T3615,D4280
T3616,D4281
T3617,D4282
T3618,D4283
T3619,D4284
T4242,D4285
T3621,D4286
T3622,D4287
T3623,D4288
T3624,D4289
T3625,D4290
T3626,D4291
T3627,D4292
T3628,D4293
T3629,D4294
T3630,D4295
T3631,D4296
T3632,D4297
T3633,D4298
T3634,D4299
T3635,D4300
T3636,D4301
T3637,D4302
T3638,D4303
T4245,D4304
T3639,D4305
T3640,D4306
T3641,D4307
T3642,D4308
T3643,D4309
T3644,D4310
T3645,D4311
T3646,D4312
T3647,D4313
T3648,D4314
T3649,D4315
T3650,D4316
T3651,D4317
T3652,D4318
T3653,D4319
T3654,D4320
T3655,D4321
T3656,D4322
T3657,D4323
T3658,D4324
T3659,D4325
T3660,D4326
T3661,D4327
T3662,D4328
T3663,D4329
T3664,D4330
T3665,D4331
T3666,D4332
T3667,D4333
T3668,D4334
T3669,D4335
T3670,D4336
T3671,D4337
T3672,D4338
T3673,D4339
T3674,D4340
T3675,D4341
T3676,D4342
T3677,D4343
T3678,D4344
T3679,D4345
T3680,D4346
T3681,D4347
T3682,D4348
T3683,D4349
T3684,D4350
T3685,D4351
T3686,D4352
T3687,D4353
T3688,D4354
T3689,D4355
T3690,D4356
T3691,D4357
T3692,D4358
T3693,D4359
T3694,D4360
T3695,D4361
T3696,D4362
T3697,D4363
T3698,D4364
T3699,D4365
T3700,D4366
T3701,D4367
T3702,D4368
T3703,D4369
T3704,D4370
T3705,D4371
T3706,D4372
T3707,D4373
T3708,D4374
T3709,D4375
T3710,D4376
T3711,D4377
T3712,D4378
T3713,D4379
T3714,D4380
T3715,D4381
T3716,D4382
T3717,D4383
T3718,D4384
T3719,D4385
T3720,D4386
T3721,D4387
T3722,D4388
T3723,D4389
T3724,D4390
T3725,D4391
T3726,D4392
T3727,D4393
T3728,D4394
T3729,D4395
T3730,D4396
T3731,D4397
T3732,D4398
T3733,D4399
T4222,D4400
T3734,D4400a
T4333,D4401
T3735,D4402
T3736,D4403
T3737,D4404
T3738,D4405
T3739,D4406
T3740,D4407
T3741,D4408
T3742,D4409
T4223,D4410
T4224,D4411
T3743,D4412
T3744,D4413
T4247,D4414
T4248,D4415
T3745,D4416
T3746,D4417
T3747,D4418
T3748,D4419
T3749,D4419a
T3750,D4420
T3940,D4420a
T3751,D4421
T3752,D4422
T3753,D4423
T3754,D4424
T3755,D4425
T4244,D4426
T3757,D4427
T3758,D4428
T4243,D4429
T3620,D4430
T3759,D4431
T3760,D4432
T3761,D4433
T3762,D4434
T3763,D4435
T3764,D4436
T3765,D4437
T3766,D4438
T3767,D4439
T3768,D4440
T3769,D4441
T3770,D4442
T3771,D4443
T3772,D4444
T3773,D4445
T3774,D4446
T3775,D4447
T3776,D4448
T3777,D4449
T3778,D4450
T3779,D4451
T3780,D4452
T3781,D4453
T3782,D4454
T3959,D4455
T3130,D4456
T3783,D4457
T3784,D4458
T4246,D4459
T3785,D4460
T3786,D4461
T3787,D4462
T3788,D4463
T3789,D4464
