textT01n0001,T0001
textT01n0005,T0005
textT01n0010,T0010
textT01n0016,T0016
textT01n0017,T0017
textT01n0022,T0022
textT01n0026,T0026
textT02n0099,T0099
textT02n0100,T0100
textT02n0101,T0101
textT02n0120,T0120
textT02n0125,T0125
textT02n0128,T0128
textT02n0129,T0129
textT02n0130,T0130
textT02n0142,T0142
textT03n0148,T0148
textT03n0150A,T0150A
textT03n0152,T0152
textT03n0154,T0154
textT03n0171,T0171
textT03n0184,T0184
textT03n0190,T0190
textT04n0192,T0192
textT04n0196,T0196
textT04n0198,T0198
textT04n0200,T0200
textT04n0201,T0201
textT04n0202,T0202
textT04n0203,T0203
textT04n0205,T0205
textT04n0206,T0206
textT04n0207,T0207
textT04n0208,T0208
textT04n0209,T0209
textT04n0210,T0210
textT04n0211,T0211
textT04n0212,T0212
textT04n0213,T0213
textT04n0217,T0217
textT04n0219,T0219
textT08n0222,T0222
textT08n0224,T0224
textT08n0227,T0227
textT08n0232,T0232
textT08n0234,T0234
textT08n0235,T0235
textT08n0243,T0243
textT08n0245,T0245
textT08n0246,T0246
textT08n0250,T0250
textT08n0258,T0258
textT09n0262,T0262
textT09n0270,T0270
textT09n0273,T0273
textT09n0275,T0275
textT09n0276,T0276
textT09n0277,T0277
textT09n0278,T0278
textT10n0279,T0279
textT09n0285,T0285
textT10n0293,T0293
textT10n0301,T0301
textT10n0304,T0304
textT10n0306,T0306
textT11n0310,T0310
textT11n0316,T0316
textT11n0317,T0317
textT12n0322,T0322
textT12n0325,T0325
textT12n0332,T0332
textT12n0345,T0345
textT12n0347,T0347
textT12n0350,T0350
textT12n0351,T0351
textT12n0352,T0352
textT12n0353,T0353
textT12n0358,T0358
textT12n0360,T0360
textT12n0365,T0365
textT12n0366,T0366
textT12n0371,T0371
textT12n0374,T0374
textT12n0384,T0384
textT12n0386,T0386
textT12n0387,T0387
textT13n0389,T0389
textT12n0396,T0396
textT13n0397-14,T0397-14
textT13n0397-15,T0397-15
textT13n0402,T0402
textT13n0403,T0403
textT13n0409,T0409
textT13n0412,T0412
textT13n0417,T0417
textT13n0418,T0418
textT13n0423,T0423
textT14n0449,T0449
textT14n0453,T0453
textT14n0454,T0454
textT14n0455,T0455
textT14n0456,T0456
textT14n0463,T0463
textT14n0468,T0468
textT14n0474,T0474
textT14n0480,T0480
textT14n0507,T0507
textT14n0553,T0553
textT14n0555,T0555
textT14n0556,T0556
textT14n0575,T0575
textT15n0590,T0590
textT15n0592,T0592
textT15n0595,T0595
textT15n0598,T0598
textT15n0600,T0600
textT15n0606,T0606
textT15n0613,T0613
textT15n0614,T0614
textT15n0615,T0615
textT15n0616,T0616
textT15n0617,T0617
textT15n0618,T0618
textT15n0620,T0620
textT15n0639,T0639
textT15n0642,T0642
textT15n0643,T0643
textT16n0663,T0663
textT16n0665,T0665
textT16n0666,T0666
textT16n0668,T0668
textT16n0669,T0669
textT16n0670,T0670
textT16n0673,T0673
textT16n0675,T0675
textT16n0680,T0680
textT16n0684,T0684
textT16n0685,T0685
textT16n0686,T0686
textT16n0687,T0687
textT16n0692,T0692
textT16n0698,T0698
textT16n0699,T0699
textT16n0701,T0701
textT16n0705,T0705
textT16n0706,T0706
textT16n0711,T0711
textT16n0721,T0721
textT17n0753,T0753
textT17n0779,T0779
textT17n0784,T0784
textT17n0786,T0786
textT17n0793,T0793
textT17n0801,T0801
textT17n0807,T0807
textT17n0830,T0830
textT17n0839,T0839
textT17n0842,T0842
textT18n0848,T0848
textT18n0865,T0865
textT18n0867,T0867
textT18n0869,T0869
textT18n0890,T0890
textT18n0891,T0891
textT18n0892,T0892
textT18n0893,T0893
textT18n0901,T0901
textT18n0905,T0905
textT18n0917,T0917
textT19n0924A,T0924A
textT19n0936,T0936
textT19n0937,T0937
textT19n0945,T0945
textT19n0959,T0959
textT19n0970,T0970
textT19n0982,T0982
textT19n0986,T0986
textT19n1003,T1003
textT20n1105,T1105
textT19n1020,T1020
textT19n1022B,T1022B
textT20n1043,T1043
textT20n1059,T1059
textT20n1060,T1060
textT20n1069,T1069
textT20n1072A,T1072A
textT20n1077,T1077
textT20n1158,T1158
textT20n1159A,T1159A
textT20n1166,T1166
textT20n1177A,T1177A
textT20n1177B,T1177B
textT20n1097,T1097
textT21n1243,T1243
textT21n1245,T1245
textT21n1260,T1260
textT21n1261,T1261
textT21n1262,T1262
textT21n1266,T1266
textT21n1270,T1270
textT21n1275,T1275
textT21n1277,T1277
textT21n1300,T1300
textT21n1305,T1305
textT21n1306,T1306
textT21n1307,T1307
textT21n1313,T1313
textT21n1314,T1314
textT21n1315,T1315
textT21n1323,T1323
textT21n1324,T1324
textT21n1325,T1325
textT21n1326,T1326
textT21n1327,T1327
textT21n1328,T1328
textT21n1329,T1329
textT21n1330,T1330
textT13n1332,T1332
textT13n1336,T1336
textT13n1360,T1360
textT21n1385,T1385
textT21n1419,T1419
textT21n1420,T1420
textT22n1421,T1421
textT22n1422,T1422
textT22n1425,T1425
textT22n1428,T1428
textT22n1429,T1429
textT22n1430,T1430
textT22n1431,T1431
textT22n1433,T1433
textT23n1435,T1435
textT23n1436,T1436
textT23n1439,T1439
textT23n1442,T1422A
textT23n1444,T1444
textT23n1446,T1446
textT24n1448,T1448
textT24n1450,T1450
textT24n1451,T1451
textT24n1455,T1455
textT24n1462,T1462
textT24n1466,T1466
textT24n1471,T1471
textT24n1474,T1474
textT24n1475,T1475
textT24n1478,T1478
textT24n1484,T1484
textT24n1485,T1485
textT24n1486,T1486
textT24n1488,T1488
textT24n1489,T1489
textT24n1492,T1492
textT24n1500,T1500
textT25n1505,T1505
textT25n1507,T1507
textT25n1509,T1509
textT25n1510,T1510
textT25n1514,T1514
textT25n1516,T1516
textT26n1519,T1519
textT26n1521,T1521
textT26n1524,T1524
textT26n1525,T1525
textT26n1530,T1530
textT26n1536,T1536
textT26n1539,T1539
textT26n1540,T1540
textT26n1543,T1543
textT28n1550,T1550
textT28n1552,T1552
textT28n1553,T1553
textT28n1554,T1554
textT29n1558,T1558
textT29n1562,T1562
textT30n1564,T1564
textT30n1566,T1566
textT30n1568,T1568
textT30n1569,T1569
textT30n1570,T1570
textT30n1571,T1571
textT30n1572,T1572
textT30n1573,T1573
textT30n1574,T1574
textT30n1575,T1575
textT30n1576,T1576
textT30n1578,T1578
textT30n1579,T1579
textT31n1581,T1581
textT31n1585,T1585
textT31n1586,T1586
textT31n1587,T1587
textT31n1588,T1588
textT31n1592,T1592
textT31n1599,T1599
textT31n1601,T1601
textT31n1602,T1602
textT31n1604,T1604
textT31n1605,T1605
textT31n1608,T1608
textT31n1609,T1609
textT31n1610,T1610
textT31n1611,T1611
textT31n1612,T1612
textT31n1619,T1619
textT31n1620,T1620
textT31n1622,T1622
textT31n1624,T1624
textT31n1625,T1625
textT32n1628,T1628
textT32n1630,T1630
textT32n1631,T1631
textT32n1632,T1632
textT32n1640,T1640
textT32n1642,T1642
textT32n1645,T1645
textT32n1646,T1646
textT32n1648,T1648
textT32n1649,T1649
textT32n1651,T1651
textT32n1656,T1656
textT32n1665,T1665
textT32n1666,T1666
textT32n1670,T1670
textT32n1672,T1672
textT32n1680,T1680
textT32n1685,T1685
textT32n1689,T1689
textT33n1703,T1703
textT33n1710,T1710
textT33n1711,T1711
textT33n1716,T1716
textT34n1725,T1725
textT34n1730,T1730
textT37n1747,T1747
textT37n1749,T1749
textT38n1753,T1753
textT37n1763,T1763
textT38n1775,T1775
textT39n1790,T1790
textT39n1792,T1792
textT39n1796,T1796
textT39n1798,T1798
textT40n1804,T1804
textT40n1815,T1815
textT40n1819,T1819
textT42n1827,T1827
textT44n1843,T1843
textT44n1846,T1846
textT45n1853,T1853
textT45n1856,T1856
textT45n1857,T1857
textT45n1858,T1858
textT45n1866,T1866
textT45n1874,T1874
textT45n1878,T1878
textT45n1880,T1880
textT45n1883,T1883
textT45n1884,T1884
textT45n1886,T1886
textT45n1899,T1899
textT45n1907,T1907
textT46n1911,T1911
textT46n1915,T1915
textT46n1917,T1917
textT46n1920,T1920
textT46n1921,T1921
textT46n1922,T1922
textT46n1926,T1926
textT46n1930,T1930
textT46n1931,T1931
textT46n1933,T1933
textT46n1934,T1934
textT46n1940,T1940
textT46n1941,T1941
textT47n1958,T1958
textT47n1959,T1959
textT47n1961,T1961
textT47n1968,T1968
textT47n1969,T1969
textT47n1970,T1970
textT47n1972,T1972
textT47n1978,T1978
textT47n1985,T1985
textT47n1986,T1986
textT47n1988,T1988
textT48n2001,T2001
textT48n2003,T2003
textT48n2004,T2004
textT48n2005,T2005
textT48n2007,T2007
textT48n2008,T2008
textT48n2010,T2010
textT48n2012,T2012
textT48n2014,T2014
textT48n2015,T2015
textT48n2019A,T2019A
textT48n2019B,T2019B
textT48n2020,T2020
textT49n2024,T2024
textT48n2025,T2025
textT49n2026,T2026
textT49n2027,T2027
textT49n2030,T2030
textT49n2031,T2031
textT49n2033,T2033
textT49n2035,T2035
textT50n2042,T2042
textT50n2043,T2043
textT50n2046,T2046
textT50n2047,T2047
textT50n2048,T2048
textT50n2049,T2049
textT50n2051,T2051
textT50n2053,T2053
textT50n2059,T2059
textT50n2060,T2060
textT50n2061,T2061
textT50n2063,T2063
textT51n2066,T2066
textT51n2067,T2067
textT51n2096,T2096
textT51n2075,T2075
textT51n2076,T2076
textT51n2082,T2082
textT51n2085,T2085
textT51n2086,T2086
textT51n2087,T2087
textT51n2089,T2089
textT51n2092,T2092
textT52n2102,T2102
textT52n2103,T2103
textT52n2104,T2104
textT52n2106,T2106
textT52n2108,T2108
textT52n2109,T2109
textT52n2110,T2110
textT53n2121,T2121
textT53n2122,T2122
textT54n2125,T2125
textT54n2130,T2130
textT54n2137,T2137
textT54n2138,T2138
textT54n2139,T2139
textT54n2140,T2140
textT54n2141A,T2141A
textT54n2141B,T2141B
textT54n2142,T2142
textT54n2143,T2143
textT54n2144,T2144
textT55n2145,T2145
textT55n2161,T2161
textT56n2190C,T2190C
textT57n2203A,T2203A
textT58n2211B,T2211B
textT62n2246,T2246
textT74n2348,T2348
textT74n2366,T2366
textT77n2426,T2426
textT77n2427,T2427
textT77n2428,T2428
textT77n2429,T2429
textT77n2430,T2430
textT77n2431,T2431
textT77n2456,T2456
textT78n2462,T2462
textT79n2514,T2514
textT79n2527,T2527
textT80n2543,T2543
textT82n2580,T2580
textT82n2581,T2581
textT82n2582,T2582
textT82n2583,T2583
textT82n2584,T2584
textT82n2585,T2585
textT82n2586,T2586
textT83n2608,T2608
textT83n2646,T2646
textT83n2647,T2647
textT83n2648,T2648
textT83n2649,T2649
textT83n2650,T2650
textT83n2651,T2651
textT83n2652,T2652
textT83n2653B,T2653B
textT83n2654B,T2654B
textT83n2655A,T2655A
textT83n2656A,T2656A
textT83n2657,T2657
textT83n2658B,T2658B
textT83n2659,T2659
textT83n2660,T2660
textT83n2661,T2661
textT83n2668,T2668
textT83n2675,T2675
textT83n2677,T2677
textT84n2688,T2688
textT84n2689,T2689
textT84n2690,T2690
textT84n2691,T2691
textT84n2692,T2692
textT84n2695,T2695
textT84n2698,T2698
textT84n2701,T2701
textT85n2781,T2781
textT85n2818,T2818
textT85n2833,T2833
textT85n2835,T2835
textT85n2837,T2837
textT85n2838,T2838
textT85n2865,T2865
textT85n2870,T2870
textT85n2881,T2881
textT85n2887,T2887
textT85n2897,T2897
textT85n2909,T2909
textT85n2920,T2920
