K326,T3437
K821,T3744
K815,T3743
K808,T3742
K807,T3741
K810,T3739
K812,T3734
K1097,T3730
K801,T3728
K809,T3716
K1095,T3711
K1096,T3712
K816,T2599
K846,T64
K1000,T1
K1110,T10
K1111,T11
K1112,T12
K1113,T14
K1114,T18
K1115,T19
K1116,T23
K940,T26
K1118,T38
K1119,T44
K1120,T50
K995,T58
K999,T561
K1314,T857
K471,T858
K1065,T1065
K1121,T1550
K484,T1920
K820,T2602
K380,T2677
K469,T2797
K1122,T3275
K1123,T3281
K338,T3300
K1124,T3424
K1125,T3425
K1126,T3426
K1127,T3482
K1128,T3483
K1129,T3484
K1294,T3485
K981,T3488
K947,T3517
K1130,T3534
K1131,T3536
K1132,T3538
K903,T3539
K811,T3734
K1107,T3738
K815,T3743
K818,T3744
K819,T3746
K280,T3911
K281,T3912
K1135,T3916
K812,T3943